cenario,linha_desligada,from_bus,to_bus,vm_pu_antes_bus_0,vm_pu_antes_bus_1,vm_pu_antes_bus_10,vm_pu_antes_bus_11,vm_pu_antes_bus_12,vm_pu_antes_bus_13,vm_pu_antes_bus_14,vm_pu_antes_bus_15,vm_pu_antes_bus_16,vm_pu_antes_bus_17,vm_pu_antes_bus_18,vm_pu_antes_bus_19,vm_pu_antes_bus_2,vm_pu_antes_bus_20,vm_pu_antes_bus_21,vm_pu_antes_bus_22,vm_pu_antes_bus_23,vm_pu_antes_bus_24,vm_pu_antes_bus_25,vm_pu_antes_bus_26,vm_pu_antes_bus_27,vm_pu_antes_bus_28,vm_pu_antes_bus_29,vm_pu_antes_bus_3,vm_pu_antes_bus_4,vm_pu_antes_bus_5,vm_pu_antes_bus_6,vm_pu_antes_bus_7,vm_pu_antes_bus_8,vm_pu_antes_bus_9,vm_pu_depois_bus_0,vm_pu_depois_bus_1,vm_pu_depois_bus_10,vm_pu_depois_bus_11,vm_pu_depois_bus_12,vm_pu_depois_bus_13,vm_pu_depois_bus_14,vm_pu_depois_bus_15,vm_pu_depois_bus_16,vm_pu_depois_bus_17,vm_pu_depois_bus_18,vm_pu_depois_bus_19,vm_pu_depois_bus_2,vm_pu_depois_bus_20,vm_pu_depois_bus_21,vm_pu_depois_bus_22,vm_pu_depois_bus_23,vm_pu_depois_bus_24,vm_pu_depois_bus_25,vm_pu_depois_bus_26,vm_pu_depois_bus_27,vm_pu_depois_bus_28,vm_pu_depois_bus_29,vm_pu_depois_bus_3,vm_pu_depois_bus_4,vm_pu_depois_bus_5,vm_pu_depois_bus_6,vm_pu_depois_bus_7,vm_pu_depois_bus_8,vm_pu_depois_bus_9
0,0,0,1,1.0,0.9960514109640306,0.9797198378488715,0.982881378974003,0.9965390052016104,0.9742438866038953,0.9787830971741229,0.9759892076784876,0.9763058814704143,0.9673365008150653,0.9642122758251062,0.968340418465183,0.9812350489062868,0.9941102528935841,1.001060670096934,1.0005613364238564,0.9881589667653122,0.9873922808048594,0.9705275220824383,0.9950731315163978,0.9724493195992991,0.9744466788323908,0.9627483764240071,0.9778415601328526,0.9794227243047046,0.9710838568874736,0.9649777421666696,0.9589576447187705,0.9797198378488715,0.9843034656373106,1.0,0.9960514109640313,0.979826665197138,0.9830137504105511,0.9965390052016101,0.9743671396304177,0.9788502250795461,0.9760566980564773,0.9763321361986316,0.9673743357969699,0.9642411265223026,0.9683668452520445,0.98111733769611,0.9941137421687908,1.001060670096934,1.000561336423856,0.9881689914319598,0.9873952785279602,0.9705305730092112,0.9950731315163981,0.9727005995206403,0.9744466788323912,0.9627483764240076,0.9779925453668955,0.9793565978068681,0.971355147543879,0.9651593938497532,0.9592290663791474,0.979826665197138,0.9843202708078787
0,1,0,2,1.0,0.9960514109640306,0.9797198378488715,0.982881378974003,0.9965390052016104,0.9742438866038953,0.9787830971741229,0.9759892076784876,0.9763058814704143,0.9673365008150653,0.9642122758251062,0.968340418465183,0.9812350489062868,0.9941102528935841,1.001060670096934,1.0005613364238564,0.9881589667653122,0.9873922808048594,0.9705275220824383,0.9950731315163978,0.9724493195992991,0.9744466788323908,0.9627483764240071,0.9778415601328526,0.9794227243047046,0.9710838568874736,0.9649777421666696,0.9589576447187705,0.9797198378488715,0.9843034656373106,1.0,0.996051410964031,0.9774050785886869,0.9810159327035389,0.9965390052016099,0.9726931010856773,0.9775692504546858,0.9744735625485482,0.9751145685329906,0.9661765468178236,0.9630790395271349,0.9672253947336352,0.9701846740057527,0.9938756187492404,1.0010606700969344,1.0005613364238557,0.9881469162801971,0.9873890770298677,0.9705242614463983,0.995073131516398,0.9682137470787411,0.9744466788323912,0.9627483764240072,0.9709774541631151,0.9772940940266119,0.9663711654956656,0.9611959952521592,0.9542607164696607,0.9774050785886869,0.9832499475150756
0,2,1,3,1.0,0.9960514109640306,0.9797198378488715,0.982881378974003,0.9965390052016104,0.9742438866038953,0.9787830971741229,0.9759892076784876,0.9763058814704143,0.9673365008150653,0.9642122758251062,0.968340418465183,0.9812350489062868,0.9941102528935841,1.001060670096934,1.0005613364238564,0.9881589667653122,0.9873922808048594,0.9705275220824383,0.9950731315163978,0.9724493195992991,0.9744466788323908,0.9627483764240071,0.9778415601328526,0.9794227243047046,0.9710838568874736,0.9649777421666696,0.9589576447187705,0.9797198378488715,0.9843034656373106,1.0,0.9960514109640312,0.9773965496142738,0.9809940722501924,0.9965390052016099,0.9726691248544435,0.977562872256304,0.9744717475068646,0.9751233852855354,0.9661808226116725,0.9630861884447955,0.9672330103733964,0.9755166799188194,0.993877942475592,1.001060670096934,1.000561336423856,0.9881427859851882,0.9873877815385732,0.9705229429624208,0.995073131516398,0.9681740430949903,0.974446678832391,0.9627483764240071,0.9710437521138006,0.9773419857823348,0.9663305438971541,0.9611697214174657,0.9542197739242547,0.9773965496142738,0.98325990227114
0,3,2,3,1.0,0.9960514109640306,0.9797198378488715,0.982881378974003,0.9965390052016104,0.9742438866038953,0.9787830971741229,0.9759892076784876,0.9763058814704143,0.9673365008150653,0.9642122758251062,0.968340418465183,0.9812350489062868,0.9941102528935841,1.001060670096934,1.0005613364238564,0.9881589667653122,0.9873922808048594,0.9705275220824383,0.9950731315163978,0.9724493195992991,0.9744466788323908,0.9627483764240071,0.9778415601328526,0.9794227243047046,0.9710838568874736,0.9649777421666696,0.9589576447187705,0.9797198378488715,0.9843034656373106,1.0,0.996051410964031,0.9778383051562625,0.9813632501745045,0.99653900520161,0.9729814353309586,0.9777958679057255,0.9747570849195963,0.9753383487560843,0.9663939895238223,0.9632917646012111,0.9674347806802616,0.9981658353680682,0.993919759025958,1.0010606700969336,1.0005613364238557,0.9881488844026072,0.9873895993671001,0.970524793054172,0.9950731315163979,0.969004773067644,0.9744466788323912,0.9627483764240073,0.9722657286167815,0.9776988057931614,0.96725153008214,0.9619042991337592,0.9551381552294382,0.9778383051562625,0.9834480896446693
0,4,1,4,1.0,0.9960514109640306,0.9797198378488715,0.982881378974003,0.9965390052016104,0.9742438866038953,0.9787830971741229,0.9759892076784876,0.9763058814704143,0.9673365008150653,0.9642122758251062,0.968340418465183,0.9812350489062868,0.9941102528935841,1.001060670096934,1.0005613364238564,0.9881589667653122,0.9873922808048594,0.9705275220824383,0.9950731315163978,0.9724493195992991,0.9744466788323908,0.9627483764240071,0.9778415601328526,0.9794227243047046,0.9710838568874736,0.9649777421666696,0.9589576447187705,0.9797198378488715,0.9843034656373106,1.0,0.9960514109640313,0.9770253237353336,0.9818896638590869,0.9965390052016101,0.9734162115492655,0.9780470455301258,0.9748724556189797,0.9751036121494866,0.9664041570244353,0.9631767424769909,0.9672585846781842,0.9779844744768289,0.9938381512073274,1.001060670096934,1.000561336423856,0.9881711215119269,0.9873965774022997,0.9705318949359338,0.9950731315163982,0.9675098765469294,0.9744466788323914,0.9627483764240079,0.9739646527490101,0.9513262556490418,0.9655641270553124,0.9505242490803057,0.9534593624052471,0.9770253237353336,0.9830847295701444
0,5,1,5,1.0,0.9960514109640306,0.9797198378488715,0.982881378974003,0.9965390052016104,0.9742438866038953,0.9787830971741229,0.9759892076784876,0.9763058814704143,0.9673365008150653,0.9642122758251062,0.968340418465183,0.9812350489062868,0.9941102528935841,1.001060670096934,1.0005613364238564,0.9881589667653122,0.9873922808048594,0.9705275220824383,0.9950731315163978,0.9724493195992991,0.9744466788323908,0.9627483764240071,0.9778415601328526,0.9794227243047046,0.9710838568874736,0.9649777421666696,0.9589576447187705,0.9797198378488715,0.9843034656373106,1.0,0.9960514109640307,0.975390093253991,0.981307035020389,0.9965390052016102,0.9729361635657828,0.9776036229260812,0.9741914499409635,0.9743593638194386,0.9658292998793119,0.9625359117698707,0.9665891156579547,0.9759156750613132,0.9936694365080846,1.0010606700969338,1.000561336423856,0.9881829508676546,0.9874005071817322,0.970535894460509,0.9950731315163978,0.9645395799989539,0.9744466788323914,0.9627483764240078,0.9715226644256547,0.975472715751364,0.9622408207449538,0.9578700618226883,0.9501490624381637,0.975390093253991,0.9823296511946693
0,6,3,5,1.0,0.9960514109640306,0.9797198378488715,0.982881378974003,0.9965390052016104,0.9742438866038953,0.9787830971741229,0.9759892076784876,0.9763058814704143,0.9673365008150653,0.9642122758251062,0.968340418465183,0.9812350489062868,0.9941102528935841,1.001060670096934,1.0005613364238564,0.9881589667653122,0.9873922808048594,0.9705275220824383,0.9950731315163978,0.9724493195992991,0.9744466788323908,0.9627483764240071,0.9778415601328526,0.9794227243047046,0.9710838568874736,0.9649777421666696,0.9589576447187705,0.9797198378488715,0.9843034656373106,1.0,0.9960514109640309,0.9735264696846511,0.9868379408655781,0.99653900520161,0.9774952362685074,0.9806709157833513,0.9768419372318967,0.9745227986159837,0.967404493381355,0.9633337457860338,0.9669990813087547,0.99223086491376,0.993492940523862,1.0010606700969338,1.0005613364238561,0.9883108258219758,0.9874342870976317,0.970570273872986,0.9950731315163982,0.9610543590708429,0.9744466788323914,0.9627483764240076,0.9910549438777615,0.9734490268954168,0.9582290565598718,0.9546243123757736,0.9461668094438961,0.9735264696846511,0.9815538743379959
0,7,4,6,1.0,0.9960514109640306,0.9797198378488715,0.982881378974003,0.9965390052016104,0.9742438866038953,0.9787830971741229,0.9759892076784876,0.9763058814704143,0.9673365008150653,0.9642122758251062,0.968340418465183,0.9812350489062868,0.9941102528935841,1.001060670096934,1.0005613364238564,0.9881589667653122,0.9873922808048594,0.9705275220824383,0.9950731315163978,0.9724493195992991,0.9744466788323908,0.9627483764240071,0.9778415601328526,0.9794227243047046,0.9710838568874736,0.9649777421666696,0.9589576447187705,0.9797198378488715,0.9843034656373106,1.0,0.9960514109640309,0.9767423967092306,0.9817782890856586,0.99653900520161,0.9733214214241629,0.9779677799192997,0.9747551541694552,0.974981318467455,0.9663082207510237,0.9630711470767171,0.9671483932080314,0.9776656009305775,0.993810613496373,1.0010606700969338,1.000561336423856,0.9881710456349599,0.9873966200793732,0.9705319383704395,0.995073131516398,0.9669833353964372,0.9744466788323914,0.9627483764240077,0.9735784301351549,0.9984526789028382,0.9649769708202227,0.9490006224790895,0.9528742782161844,0.9767423967092306,0.9829612506763747
0,10,5,8,1.0,0.9960514109640306,0.9797198378488715,0.982881378974003,0.9965390052016104,0.9742438866038953,0.9787830971741229,0.9759892076784876,0.9763058814704143,0.9673365008150653,0.9642122758251062,0.968340418465183,0.9812350489062868,0.9941102528935841,1.001060670096934,1.0005613364238564,0.9881589667653122,0.9873922808048594,0.9705275220824383,0.9950731315163978,0.9724493195992991,0.9744466788323908,0.9627483764240071,0.9778415601328526,0.9794227243047046,0.9710838568874736,0.9649777421666696,0.9589576447187705,0.9797198378488715,0.9843034656373106,1.0,0.9960514109640313,0.9853922803268484,0.9833938140313748,0.9965390052016101,0.9747970378716778,0.9791008525587096,0.9766200725634248,0.977218599637598,0.9678260913049029,0.9648755820587827,0.9691152450095838,0.9802335518493809,0.9943446682378458,1.0010606700969342,1.000561336423856,0.9882368022406313,0.9874296051538749,0.97056550884111,0.995073131516398,0.9707891861308684,0.9744466788323913,0.9627483764240076,0.9766315899262923,0.9785459380117453,0.9693610828169787,0.9635809700693889,0.9572248030237873,0.9853922803268484,0.9853922803268483
0,11,5,9,1.0,0.9960514109640306,0.9797198378488715,0.982881378974003,0.9965390052016104,0.9742438866038953,0.9787830971741229,0.9759892076784876,0.9763058814704143,0.9673365008150653,0.9642122758251062,0.968340418465183,0.9812350489062868,0.9941102528935841,1.001060670096934,1.0005613364238564,0.9881589667653122,0.9873922808048594,0.9705275220824383,0.9950731315163978,0.9724493195992991,0.9744466788323908,0.9627483764240071,0.9778415601328526,0.9794227243047046,0.9710838568874736,0.9649777421666696,0.9589576447187705,0.9797198378488715,0.9843034656373106,1.0,0.9960514109640309,0.9797824555879237,0.9831032494951017,0.99653900520161,0.9744908153119065,0.9789367687663463,0.9763287884196106,0.9768273501945638,0.9676139196256729,0.9645930004487141,0.9687836770938126,0.9807149641115107,0.9942451442796242,1.0010606700969342,1.000561336423856,0.9881933950362901,0.9874098186305003,0.9705453711652264,0.9950731315163981,0.9715819536688473,0.9744466788323912,0.9627483764240075,0.9772128703921333,0.9789589150379749,0.970170628009216,0.9642375074903161,0.9580409001673733,0.9797824555879237,0.9849243450073315
0,13,8,9,1.0,0.9960514109640306,0.9797198378488715,0.982881378974003,0.9965390052016104,0.9742438866038953,0.9787830971741229,0.9759892076784876,0.9763058814704143,0.9673365008150653,0.9642122758251062,0.968340418465183,0.9812350489062868,0.9941102528935841,1.001060670096934,1.0005613364238564,0.9881589667653122,0.9873922808048594,0.9705275220824383,0.9950731315163978,0.9724493195992991,0.9744466788323908,0.9627483764240071,0.9778415601328526,0.9794227243047046,0.9710838568874736,0.9649777421666696,0.9589576447187705,0.9797198378488715,0.9843034656373106,1.0,0.9960514109640313,0.9693610828169785,0.9833938140313745,0.9965390052016101,0.9747970378716776,0.9791008525587093,0.9766200725634254,0.9772185996375984,0.9678260913049032,0.9648755820587833,0.9691152450095843,0.9802335518493805,0.9943446682378461,1.001060670096934,1.0005613364238557,0.9882368022406312,0.9874296051538751,0.97056550884111,0.9950731315163978,0.9707891861308683,0.9744466788323912,0.9627483764240072,0.976631589926292,0.9785459380117452,0.9693610828169785,0.9635809700693888,0.9572248030237871,0.9693610828169785,0.9853922803268488
0,14,3,11,1.0,0.9960514109640306,0.9797198378488715,0.982881378974003,0.9965390052016104,0.9742438866038953,0.9787830971741229,0.9759892076784876,0.9763058814704143,0.9673365008150653,0.9642122758251062,0.968340418465183,0.9812350489062868,0.9941102528935841,1.001060670096934,1.0005613364238564,0.9881589667653122,0.9873922808048594,0.9705275220824383,0.9950731315163978,0.9724493195992991,0.9744466788323908,0.9627483764240071,0.9778415601328526,0.9794227243047046,0.9710838568874736,0.9649777421666696,0.9589576447187705,0.9797198378488715,0.9843034656373106,1.0,0.9960514109640312,0.979476631163158,0.9848477497501518,0.9965390052016102,0.9758652016384076,0.9799042935166692,0.9770305782405204,0.9765370521132932,0.9679966869568433,0.9646303050792677,0.9686361099175613,0.9803464161377828,0.9940912977928679,1.001060670096934,1.000561336423856,0.9882003095782432,0.987404427882085,0.9705398847443354,0.9950731315163976,0.9719605867939314,0.9744466788323912,0.9627483764240076,0.9767668933023766,0.979122205911316,0.9705006180022258,0.9645042659874784,0.9583814208565302,0.979476631163158,0.984223340198289
0,16,11,13,1.0,0.9960514109640306,0.9797198378488715,0.982881378974003,0.9965390052016104,0.9742438866038953,0.9787830971741229,0.9759892076784876,0.9763058814704143,0.9673365008150653,0.9642122758251062,0.968340418465183,0.9812350489062868,0.9941102528935841,1.001060670096934,1.0005613364238564,0.9881589667653122,0.9873922808048594,0.9705275220824383,0.9950731315163978,0.9724493195992991,0.9744466788323908,0.9627483764240071,0.9778415601328526,0.9794227243047046,0.9710838568874736,0.9649777421666696,0.9589576447187705,0.9797198378488715,0.9843034656373106,1.0,0.996051410964031,0.9797353118053845,0.9836788766528534,0.9965390052016101,0.9580718618802654,0.9765067370913583,0.976407309596172,0.9764202443994494,0.9659136941728135,0.963251273446122,0.9676181365392049,0.9813451468557408,0.9941149186713352,1.001060670096934,1.0005613364238557,0.9880930860386627,0.9873691081249427,0.970503938121532,0.9950731315163978,0.9724600018211493,0.9744466788323911,0.9627483764240073,0.9779754302735937,0.9794471614024486,0.9711230857102104,0.9650102878247457,0.9589932503458151,0.9797353118053845,0.9843127986823544
0,17,11,14,1.0,0.9960514109640306,0.9797198378488715,0.982881378974003,0.9965390052016104,0.9742438866038953,0.9787830971741229,0.9759892076784876,0.9763058814704143,0.9673365008150653,0.9642122758251062,0.968340418465183,0.9812350489062868,0.9941102528935841,1.001060670096934,1.0005613364238564,0.9881589667653122,0.9873922808048594,0.9705275220824383,0.9950731315163978,0.9724493195992991,0.9744466788323908,0.9627483764240071,0.9778415601328526,0.9794227243047046,0.9710838568874736,0.9649777421666696,0.9589576447187705,0.9797198378488715,0.9843034656373106,1.0,0.9960514109640313,0.9797739243919315,0.9838185816127663,0.9965390052016101,0.9753515265734467,0.9747087565842101,0.9763650125437254,0.976427854533052,0.96498379968031,0.9626858908934852,0.9672056207272228,0.9814334848410127,0.9941478784388568,1.001060670096934,1.000561336423856,0.9878735435249331,0.9872888669384323,0.9704222726139373,0.9950731315163979,0.9723300427521196,0.9744466788323917,0.9627483764240075,0.9780803170844796,0.9794263743394833,0.9710631993397384,0.9649633308732796,0.9589227374052238,0.9797739243919315,0.9844243343591089
0,18,11,15,1.0,0.9960514109640306,0.9797198378488715,0.982881378974003,0.9965390052016104,0.9742438866038953,0.9787830971741229,0.9759892076784876,0.9763058814704143,0.9673365008150653,0.9642122758251062,0.968340418465183,0.9812350489062868,0.9941102528935841,1.001060670096934,1.0005613364238564,0.9881589667653122,0.9873922808048594,0.9705275220824383,0.9950731315163978,0.9724493195992991,0.9744466788323908,0.9627483764240071,0.9778415601328526,0.9794227243047046,0.9710838568874736,0.9649777421666696,0.9589576447187705,0.9797198378488715,0.9843034656373106,1.0,0.9960514109640309,0.9790991836647781,0.9839048074889047,0.99653900520161,0.9753865163807264,0.9789616503706554,0.9672336915571856,0.9734347878746012,0.9668531442778431,0.9635762410676519,0.9676979373931998,0.9813836492575934,0.9939404328775967,1.001060670096934,1.000561336423856,0.9884049823128189,0.9874903354150003,0.9706273167916951,0.995073131516398,0.9721193135557479,0.9744466788323914,0.9627483764240073,0.978018029590437,0.9792793606366075,0.9707510716674697,0.9647122191471754,0.9586216034239021,0.9790991836647781,0.9836070910441672
0,19,13,14,1.0,0.9960514109640306,0.9797198378488715,0.982881378974003,0.9965390052016104,0.9742438866038953,0.9787830971741229,0.9759892076784876,0.9763058814704143,0.9673365008150653,0.9642122758251062,0.968340418465183,0.9812350489062868,0.9941102528935841,1.001060670096934,1.0005613364238564,0.9881589667653122,0.9873922808048594,0.9705275220824383,0.9950731315163978,0.9724493195992991,0.9744466788323908,0.9627483764240071,0.9778415601328526,0.9794227243047046,0.9710838568874736,0.9649777421666696,0.9589576447187705,0.9797198378488715,0.9843034656373106,1.0,0.996051410964031,0.9797055021968639,0.9824419679751452,0.99653900520161,0.9697690058552478,0.9796744614992233,0.9757446413755361,0.9762358364228348,0.9679095468687798,0.9646032871830049,0.9686340415786071,0.9811717934412941,0.9941094461613286,1.001060670096934,1.0005613364238555,0.9881715909973449,0.9873967034770545,0.9705320232482431,0.995073131516398,0.9724169684433533,0.9744466788323911,0.9627483764240073,0.977765045129199,0.9794015266588819,0.9710427967287324,0.9649444035773216,0.9589173706281002,0.9797055021968639,0.9843021625778997
0,20,15,16,1.0,0.9960514109640306,0.9797198378488715,0.982881378974003,0.9965390052016104,0.9742438866038953,0.9787830971741229,0.9759892076784876,0.9763058814704143,0.9673365008150653,0.9642122758251062,0.968340418465183,0.9812350489062868,0.9941102528935841,1.001060670096934,1.0005613364238564,0.9881589667653122,0.9873922808048594,0.9705275220824383,0.9950731315163978,0.9724493195992991,0.9744466788323908,0.9627483764240071,0.9778415601328526,0.9794227243047046,0.9710838568874736,0.9649777421666696,0.9589576447187705,0.9797198378488715,0.9843034656373106,1.0,0.9960514109640313,0.9799158367026528,0.9821777000000869,0.9965390052016099,0.9739320219520283,0.9781856899210567,0.9755034266157464,0.9770865596671804,0.9668912243375146,0.9639974319899808,0.9682922971711722,0.9812509822890967,0.9941961663716259,1.001060670096934,1.000561336423856,0.9883061968030734,0.987450983305908,0.9705872663752049,0.9950731315163979,0.9722903208529976,0.9744466788323913,0.9627483764240073,0.9778581155623178,0.9793577986596769,0.9709266887357366,0.9648528106911546,0.9587984935467316,0.9799158367026528,0.9847275133493838
0,21,14,17,1.0,0.9960514109640306,0.9797198378488715,0.982881378974003,0.9965390052016104,0.9742438866038953,0.9787830971741229,0.9759892076784876,0.9763058814704143,0.9673365008150653,0.9642122758251062,0.968340418465183,0.9812350489062868,0.9941102528935841,1.001060670096934,1.0005613364238564,0.9881589667653122,0.9873922808048594,0.9705275220824383,0.9950731315163978,0.9724493195992991,0.9744466788323908,0.9627483764240071,0.9778415601328526,0.9794227243047046,0.9710838568874736,0.9649777421666696,0.9589576447187705,0.9797198378488715,0.9843034656373106,1.0,0.9960514109640309,0.9784858577471212,0.9835999629219273,0.9965390052016099,0.9761822786150813,0.9832274193650679,0.9754015358493977,0.9749040998411427,0.9460251984148494,0.9491377529806703,0.9565196895274546,0.9812001104273363,0.9937407292655208,1.001060670096934,1.0005613364238561,0.9885011967288869,0.9875235573063005,0.9706611281630605,0.995073131516398,0.9720290569187318,0.9744466788323911,0.9627483764240073,0.9777979840791166,0.9791992972497485,0.9706025502188571,0.9645910907914284,0.9584797248621533,0.9784858577471212,0.9827302534115386
0,22,17,18,1.0,0.9960514109640306,0.9797198378488715,0.982881378974003,0.9965390052016104,0.9742438866038953,0.9787830971741229,0.9759892076784876,0.9763058814704143,0.9673365008150653,0.9642122758251062,0.968340418465183,0.9812350489062868,0.9941102528935841,1.001060670096934,1.0005613364238564,0.9881589667653122,0.9873922808048594,0.9705275220824383,0.9950731315163978,0.9724493195992991,0.9744466788323908,0.9627483764240071,0.9778415601328526,0.9794227243047046,0.9710838568874736,0.9649777421666696,0.9589576447187705,0.9797198378488715,0.9843034656373106,1.0,0.996051410964031,0.9791441926162479,0.9831391077674578,0.99653900520161,0.9751045123063894,0.9811340207036356,0.9756273775968651,0.9756250069781759,0.9757568104281366,0.9568865550389505,0.9626017052970052,0.9812300795845635,0.9939400728775621,1.001060670096934,1.000561336423856,0.9883885186180016,0.987480169742383,0.9706169707337182,0.9950731315163983,0.9722270621061795,0.9744466788323917,0.9627483764240078,0.9778340743567244,0.9793040956525606,0.9708258397600311,0.9647706633940321,0.9587018747314512,0.9791441926162479,0.9835950182643881
0,26,9,20,1.0,0.9960514109640306,0.9797198378488715,0.982881378974003,0.9965390052016104,0.9742438866038953,0.9787830971741229,0.9759892076784876,0.9763058814704143,0.9673365008150653,0.9642122758251062,0.968340418465183,0.9812350489062868,0.9941102528935841,1.001060670096934,1.0005613364238564,0.9881589667653122,0.9873922808048594,0.9705275220824383,0.9950731315163978,0.9724493195992991,0.9744466788323908,0.9627483764240071,0.9778415601328526,0.9794227243047046,0.9710838568874736,0.9649777421666696,0.9589576447187705,0.9797198378488715,0.9843034656373106,1.0,0.9960514109640308,0.9718002742974504,0.9805765067262555,0.9965390052016098,0.971838812735249,0.9763192718285045,0.9700185854829193,0.9668891926175854,0.9618570500479868,0.9569767664079633,0.9602089516321535,0.9797305368911342,0.996960954772389,1.001060670096934,1.0005613364238561,0.9881236447746135,0.987379312637841,0.9705143237520606,0.9950731315163985,0.9702397386599553,0.9744466788323914,0.9627483764240077,0.976019734840204,0.9781836156738958,0.968624378703,0.962985797018961,0.956506600071545,0.9718002742974504,0.9735203708825655
0,28,20,21,1.0,0.9960514109640306,0.9797198378488715,0.982881378974003,0.9965390052016104,0.9742438866038953,0.9787830971741229,0.9759892076784876,0.9763058814704143,0.9673365008150653,0.9642122758251062,0.968340418465183,0.9812350489062868,0.9941102528935841,1.001060670096934,1.0005613364238564,0.9881589667653122,0.9873922808048594,0.9705275220824383,0.9950731315163978,0.9724493195992991,0.9744466788323908,0.9627483764240071,0.9778415601328526,0.9794227243047046,0.9710838568874736,0.9649777421666696,0.9589576447187705,0.9797198378488715,0.9843034656373106,1.0,0.9960514109640309,0.960151700582825,0.9770388379414517,0.9965390052016099,0.968063932103235,0.9726110345140284,0.9611154625099592,0.9530350922613244,0.9536758167105263,0.9462562629752915,0.9482153957942207,0.9774476622503673,0.9434735661905289,1.001060670096934,1.000561336423856,0.9877936275391441,0.9872356677338333,0.9703681289614332,0.9950731315163979,0.9670099122867764,0.9744466788323912,0.9627483764240072,0.973258283771988,0.9763106133733828,0.9648909925434604,0.9599631615141748,0.9528032988052283,0.960151700582825,0.9577434721819303
0,29,14,22,1.0,0.9960514109640306,0.9797198378488715,0.982881378974003,0.9965390052016104,0.9742438866038953,0.9787830971741229,0.9759892076784876,0.9763058814704143,0.9673365008150653,0.9642122758251062,0.968340418465183,0.9812350489062868,0.9941102528935841,1.001060670096934,1.0005613364238564,0.9881589667653122,0.9873922808048594,0.9705275220824383,0.9950731315163978,0.9724493195992991,0.9744466788323908,0.9627483764240071,0.9778415601328526,0.9794227243047046,0.9710838568874736,0.9649777421666696,0.9589576447187705,0.9797198378488715,0.9843034656373106,1.0,0.9960514109640307,0.9782400692009059,0.9771126544895522,0.9965390052016102,0.9641273455978959,0.9635759313217973,0.9721174810479866,0.9739686479651112,0.9570427993689875,0.9566211164412569,0.9621712492172134,0.9800657257897246,0.9936604157090093,1.001060670096934,1.0005613364238557,0.9890070065510288,0.9876663600404674,0.9708064642715282,0.995073131516398,0.9719081679867377,0.9744466788323912,0.9627483764240073,0.9764319833670464,0.9789533910391016,0.970174551246402,0.96423941132011,0.9580904090486498,0.9782400692009059,0.9825101033382424
0,30,21,23,1.0,0.9960514109640306,0.9797198378488715,0.982881378974003,0.9965390052016104,0.9742438866038953,0.9787830971741229,0.9759892076784876,0.9763058814704143,0.9673365008150653,0.9642122758251062,0.968340418465183,0.9812350489062868,0.9941102528935841,1.001060670096934,1.0005613364238564,0.9881589667653122,0.9873922808048594,0.9705275220824383,0.9950731315163978,0.9724493195992991,0.9744466788323908,0.9627483764240071,0.9778415601328526,0.9794227243047046,0.9710838568874736,0.9649777421666696,0.9589576447187705,0.9797198378488715,0.9843034656373106,1.0,0.9960514109640312,0.979802177756143,0.98274699688503,0.9965390052016101,0.9740326936131392,0.978718480375879,0.9759224641720136,0.9763745941815932,0.9672718525135329,0.9642003156545718,0.9683726333067685,0.9812303988211974,0.9941584668077015,1.0010606700969338,1.0005613364238564,0.9745992637741326,0.9821155826788558,0.9651566394235015,0.9950731315163981,0.9725322988343018,0.9744466788323913,0.9627483764240077,0.9778353508133802,0.9794128422048864,0.9710625233544228,0.9649606089453389,0.9589508529820429,0.979802177756143,0.9844551305879798
0,31,22,23,1.0,0.9960514109640306,0.9797198378488715,0.982881378974003,0.9965390052016104,0.9742438866038953,0.9787830971741229,0.9759892076784876,0.9763058814704143,0.9673365008150653,0.9642122758251062,0.968340418465183,0.9812350489062868,0.9941102528935841,1.001060670096934,1.0005613364238564,0.9881589667653122,0.9873922808048594,0.9705275220824383,0.9950731315163978,0.9724493195992991,0.9744466788323908,0.9627483764240071,0.9778415601328526,0.9794227243047046,0.9710838568874736,0.9649777421666696,0.9589576447187705,0.9797198378488715,0.9843034656373106,1.0,0.9960514109640308,0.9796163922807157,0.9817002487166163,0.9965390052016098,0.9726757615701384,0.9780734541513313,0.9751027281865149,0.9759746443737716,0.9665310410636992,0.9635825355313309,0.9678778721232361,0.9811416045724213,0.9941470779401508,1.0010606700969342,1.0005613364238557,0.9803979646405967,0.9844049268126375,0.9674869777874866,0.9950731315163982,0.9719887224925958,0.9744466788323913,0.9627483764240073,0.9777272368336326,0.9793032755652815,0.9708128543580883,0.9647610836600884,0.9586566377999857,0.9796163922807157,0.9843075062257893
0,32,23,24,1.0,0.9960514109640306,0.9797198378488715,0.982881378974003,0.9965390052016104,0.9742438866038953,0.9787830971741229,0.9759892076784876,0.9763058814704143,0.9673365008150653,0.9642122758251062,0.968340418465183,0.9812350489062868,0.9941102528935841,1.001060670096934,1.0005613364238564,0.9881589667653122,0.9873922808048594,0.9705275220824383,0.9950731315163978,0.9724493195992991,0.9744466788323908,0.9627483764240071,0.9778415601328526,0.9794227243047046,0.9710838568874736,0.9649777421666696,0.9589576447187705,0.9797198378488715,0.9843034656373106,1.0,0.996051410964031,0.9800246060000541,0.9833577909060067,0.9965390052016099,0.9747713932063979,0.9790662268574016,0.9764434796604269,0.9767553013395692,0.9676952418308941,0.9646063449931068,0.9687486469081683,0.9812511487637898,0.994227049953833,1.001060670096934,1.000561336423856,0.9883541921546579,0.9866876551606375,0.9698103812181568,0.9950731315163979,0.9729957455479554,0.9744466788323917,0.9627483764240076,0.97786180034037,0.9794611044341379,0.9711751321554563,0.9650503909765668,0.9591138910016564,0.9800246060000541,0.9847547061965986
0,34,24,26,1.0,0.9960514109640306,0.9797198378488715,0.982881378974003,0.9965390052016104,0.9742438866038953,0.9787830971741229,0.9759892076784876,0.9763058814704143,0.9673365008150653,0.9642122758251062,0.968340418465183,0.9812350489062868,0.9941102528935841,1.001060670096934,1.0005613364238564,0.9881589667653122,0.9873922808048594,0.9705275220824383,0.9950731315163978,0.9724493195992991,0.9744466788323908,0.9627483764240071,0.9778415601328526,0.9794227243047046,0.9710838568874736,0.9649777421666696,0.9589576447187705,0.9797198378488715,0.9843034656373106,1.0,0.9960514109640309,0.9802862391663383,0.9837929531807224,0.9965390052016101,0.9752520122508683,0.9793203020814321,0.9768595945317103,0.9771737576142507,0.9680206240363634,0.9649680291972798,0.9691262330139728,0.9812309202692092,0.9943379110173448,1.001060670096934,1.0005613364238557,0.983566707896326,0.969535935954369,0.9523480693993859,0.9950731315163978,0.9734307920091777,0.9744466788323911,0.9627483764240077,0.9778391243762482,0.9794715268002521,0.9712051456282663,0.9650739059046606,0.9592000064670385,0.9802862391663383,0.985179731580031
0,35,27,26,1.0,0.9960514109640306,0.9797198378488715,0.982881378974003,0.9965390052016104,0.9742438866038953,0.9787830971741229,0.9759892076784876,0.9763058814704143,0.9673365008150653,0.9642122758251062,0.968340418465183,0.9812350489062868,0.9941102528935841,1.001060670096934,1.0005613364238564,0.9881589667653122,0.9873922808048594,0.9705275220824383,0.9950731315163978,0.9724493195992991,0.9744466788323908,0.9627483764240071,0.9778415601328526,0.9794227243047046,0.9710838568874736,0.9649777421666696,0.9589576447187705,0.9797198378488715,0.9843034656373106,1.0,0.9960514109640309,0.9776875547486541,0.9814818143302175,0.9965390052016099,0.9728450716200905,0.9778714843282521,0.9745945496881612,0.97489334228299,0.966211763085845,0.9629783970753099,0.967059224996569,0.9795025304265411,0.9937658537351317,1.001060670096934,1.000561336423856,0.9879750187732852,0.987168783366467,0.9703000570449285,0.9950731315163981,0.9654545318826064,0.9744466788323911,0.9627483764240072,0.9757441441120204,0.9777923900266488,0.9678086991800212,0.9623284835849968,0.9550302584365962,0.9776875547486541,0.9828822530043696
0,38,28,29,1.0,0.9960514109640306,0.9797198378488715,0.982881378974003,0.9965390052016104,0.9742438866038953,0.9787830971741229,0.9759892076784876,0.9763058814704143,0.9673365008150653,0.9642122758251062,0.968340418465183,0.9812350489062868,0.9941102528935841,1.001060670096934,1.0005613364238564,0.9881589667653122,0.9873922808048594,0.9705275220824383,0.9950731315163978,0.9724493195992991,0.9744466788323908,0.9627483764240071,0.9778415601328526,0.9794227243047046,0.9710838568874736,0.9649777421666696,0.9589576447187705,0.9797198378488715,0.9843034656373106,1.0,0.9960514109640312,0.9797151494832491,0.9828839971366701,0.9965390052016099,0.9742475385664255,0.9787841138539478,0.975990765837208,0.9763068631951025,0.9673374738832334,0.9642132312496944,0.9683413623033267,0.9812245281692763,0.9941106215110997,1.001060670096934,1.0005613364238557,0.988158922793305,0.9873917246001349,0.9705269560061108,0.9950731315163979,0.9724247091721934,0.9856508492143116,0.9453992631791928,0.9778296464168351,0.9794170421958984,0.9710690239709934,0.9649660273706262,0.9589412613082894,0.9797151494832491,0.984304367911346
0,40,5,27,1.0,0.9960514109640306,0.9797198378488715,0.982881378974003,0.9965390052016104,0.9742438866038953,0.9787830971741229,0.9759892076784876,0.9763058814704143,0.9673365008150653,0.9642122758251062,0.968340418465183,0.9812350489062868,0.9941102528935841,1.001060670096934,1.0005613364238564,0.9881589667653122,0.9873922808048594,0.9705275220824383,0.9950731315163978,0.9724493195992991,0.9744466788323908,0.9627483764240071,0.9778415601328526,0.9794227243047046,0.9710838568874736,0.9649777421666696,0.9589576447187705,0.9797198378488715,0.9843034656373106,1.0,0.9960514109640312,0.9793525872441249,0.982727402548782,0.9965390052016097,0.9741096676490602,0.9786749750132259,0.9758284344169417,0.9761389978034027,0.9672053583221255,0.9640679926290873,0.968189945060573,0.9808295660012216,0.9940722821780981,1.001060670096934,1.0005613364238557,0.9881591613297739,0.987393670431092,0.9705289363718284,0.995073131516398,0.9745501623309598,0.9744466788323916,0.9627483764240078,0.9773504517382637,0.9790465802446929,0.9703357465666315,0.9643719898739344,0.9586659272364583,0.9793525872441249,0.9841350531025308
1,0,0,1,1.0,1.004941939777963,0.9823933149953511,0.9834416141646699,0.9958791388209531,0.9745262527725681,0.9777280354544069,0.9768566616223198,0.9777247516885402,0.9673371614353847,0.9649982568735559,0.9692611727035321,0.9850738781787957,0.9944234507984123,1.0007858003393286,0.9953265453365779,0.9876428410336648,0.9900382264760629,0.970964234496234,1.0008304195719213,0.9776556570291048,0.9806182343580134,0.9689116737735948,0.9824575094647969,0.9863739016783577,0.9762804554026473,0.9706072545563654,0.964697933273169,0.9823933149953511,0.9856858979102016,1.0,1.0049419397779633,0.9824967378574165,0.9835714545595412,0.9958791388209529,0.9746479490647605,0.9777924150116172,0.9769198472678804,0.9777470096958686,0.9673711291421605,0.965023123718286,0.9692837376062459,0.9849040277870401,0.9944261984610729,1.000785800339329,0.9953265453365779,0.9876528444815585,0.99004109973326,0.9709671655202238,1.000830419571922,0.977902325500044,0.9806182343580139,0.9689116737735954,0.9825855971614763,0.986300065759331,0.9765460541187452,0.9707847641333197,0.9649635916072503,0.9824967378574165,0.985699402939863
1,1,0,2,1.0,1.004941939777963,0.9823933149953511,0.9834416141646699,0.9958791388209531,0.9745262527725681,0.9777280354544069,0.9768566616223198,0.9777247516885402,0.9673371614353847,0.9649982568735559,0.9692611727035321,0.9850738781787957,0.9944234507984123,1.0007858003393286,0.9953265453365779,0.9876428410336648,0.9900382264760629,0.970964234496234,1.0008304195719213,0.9776556570291048,0.9806182343580134,0.9689116737735948,0.9824575094647969,0.9863739016783577,0.9762804554026473,0.9706072545563654,0.964697933273169,0.9823933149953511,0.9856858979102016,1.0,1.0049419397779626,0.9804359034289498,0.9818545025508975,0.9958791388209531,0.9732031967389573,0.9767014767319091,0.9755794078702658,0.9767281933980961,0.966364247522436,0.9640501279849942,0.9683284563482332,0.9759930690244318,0.9942274715561666,1.0007858003393288,0.9953265453365776,0.9876303104305844,0.9900349824973869,0.9709609252970001,1.0008304195719222,0.9740575025889245,0.9806182343580138,0.9689116737735952,0.9767242374906041,0.9846143149975454,0.9722799539297355,0.9673999475307428,0.9607130318223165,0.9804359034289498,0.9848055921404905
1,2,1,3,1.0,1.004941939777963,0.9823933149953511,0.9834416141646699,0.9958791388209531,0.9745262527725681,0.9777280354544069,0.9768566616223198,0.9777247516885402,0.9673371614353847,0.9649982568735559,0.9692611727035321,0.9850738781787957,0.9944234507984123,1.0007858003393286,0.9953265453365779,0.9876428410336648,0.9900382264760629,0.970964234496234,1.0008304195719213,0.9776556570291048,0.9806182343580134,0.9689116737735948,0.9824575094647969,0.9863739016783577,0.9762804554026473,0.9706072545563654,0.964697933273169,0.9823933149953511,0.9856858979102016,1.0,1.0049419397779629,0.9795519746302156,0.9811474198057605,0.995879138820953,0.9726163801773471,0.9762402362617237,0.9750021385153507,0.9762723252922191,0.9659216911421228,0.9636171675480734,0.9679021333310944,0.9780535318376516,0.994137475674245,1.000785800339329,0.9953265453365783,0.9876264685660628,0.9900340198874452,0.9709599433335908,1.000830419571922,0.9724436729473116,0.980618234358014,0.9689116737735955,0.9741031736994434,0.983784897973487,0.9704840450178881,0.9659519880537696,0.9589241921853777,0.9795519746302156,0.9844016177286585
1,3,2,3,1.0,1.004941939777963,0.9823933149953511,0.9834416141646699,0.9958791388209531,0.9745262527725681,0.9777280354544069,0.9768566616223198,0.9777247516885402,0.9673371614353847,0.9649982568735559,0.9692611727035321,0.9850738781787957,0.9944234507984123,1.0007858003393286,0.9953265453365779,0.9876428410336648,0.9900382264760629,0.970964234496234,1.0008304195719213,0.9776556570291048,0.9806182343580134,0.9689116737735948,0.9824575094647969,0.9863739016783577,0.9762804554026473,0.9706072545563654,0.964697933273169,0.9823933149953511,0.9856858979102016,1.0,1.004941939777963,0.9808424617477035,0.9821805241939657,0.9958791388209532,0.9734739416618792,0.9769138660036891,0.9758449735105217,0.9769375014981202,0.9665676363572503,0.9642489785000766,0.9685242242305444,0.9984298491384195,0.994268763758985,1.0007858003393293,0.9953265453365782,0.9876321979482361,0.990035454881591,0.970961407178569,1.0008304195719222,0.9748005078692533,0.9806182343580139,0.9689116737735955,0.9779282212906539,0.9849929709051871,0.9731066883491879,0.9680656675859712,0.9615364951174631,0.9808424617477035,0.9849909693924678
1,4,1,4,1.0,1.004941939777963,0.9823933149953511,0.9834416141646699,0.9958791388209531,0.9745262527725681,0.9777280354544069,0.9768566616223198,0.9777247516885402,0.9673371614353847,0.9649982568735559,0.9692611727035321,0.9850738781787957,0.9944234507984123,1.0007858003393286,0.9953265453365779,0.9876428410336648,0.9900382264760629,0.970964234496234,1.0008304195719213,0.9776556570291048,0.9806182343580134,0.9689116737735948,0.9824575094647969,0.9863739016783577,0.9762804554026473,0.9706072545563654,0.964697933273169,0.9823933149953511,0.9856858979102016,1.0,1.0049419397779635,0.9794203922011194,0.9823422741120542,0.9958791388209529,0.9736086582758978,0.9769133054122755,0.9756217881716437,0.9763986062804723,0.9663076139555882,0.9638558897301873,0.9680678612781183,0.9814839768745192,0.9941235048743481,1.000785800339329,0.995326545336578,0.9876554586588564,0.9900426519630738,0.9709687489574819,1.0008304195719218,0.9722023720581172,0.9806182343580135,0.9689116737735953,0.9781784753648513,0.955485339815151,0.9701869274112955,0.9546895105982938,0.9586319079778441,0.9794203922011194,0.9843423629400337
1,5,1,5,1.0,1.004941939777963,0.9823933149953511,0.9834416141646699,0.9958791388209531,0.9745262527725681,0.9777280354544069,0.9768566616223198,0.9777247516885402,0.9673371614353847,0.9649982568735559,0.9692611727035321,0.9850738781787957,0.9944234507984123,1.0007858003393286,0.9953265453365779,0.9876428410336648,0.9900382264760629,0.970964234496234,1.0008304195719213,0.9776556570291048,0.9806182343580134,0.9689116737735948,0.9824575094647969,0.9863739016783577,0.9762804554026473,0.9706072545563654,0.964697933273169,0.9823933149953511,0.9856858979102016,1.0,1.0049419397779629,0.9774502395612262,0.9816298984627032,0.9958791388209535,0.9730199728952289,0.97637498476523,0.9747985896162077,0.9755050973171212,0.9656154748033161,0.9630860442941611,0.967263901282546,0.9790048642760432,0.9939212614428421,1.000785800339329,0.9953265453365779,0.9876678675357883,0.990046734742935,0.9709729138207075,1.000830419571922,0.9686143180247668,0.9806182343580141,0.9689116737735954,0.97525043794946,0.9818106985386477,0.966173713731912,0.9624689966602484,0.9546367542668827,0.9774502395612262,0.983437055294291
1,6,3,5,1.0,1.004941939777963,0.9823933149953511,0.9834416141646699,0.9958791388209531,0.9745262527725681,0.9777280354544069,0.9768566616223198,0.9777247516885402,0.9673371614353847,0.9649982568735559,0.9692611727035321,0.9850738781787957,0.9944234507984123,1.0007858003393286,0.9953265453365779,0.9876428410336648,0.9900382264760629,0.970964234496234,1.0008304195719213,0.9776556570291048,0.9806182343580134,0.9689116737735948,0.9824575094647969,0.9863739016783577,0.9762804554026473,0.9706072545563654,0.964697933273169,0.9823933149953511,0.9856858979102016,1.0,1.004941939777963,0.9766246172511633,0.9872952382980471,0.9958791388209531,0.9777242720321864,0.9795360098780588,0.9776539818618252,0.9759865134494323,0.9673635662085034,0.964117601212951,0.9679435443848471,0.9952043630276067,0.993828870407835,1.000785800339329,0.9953265453365779,0.9878003604604068,0.9900788406078981,0.9710056651415221,1.000830419571922,0.967175021642235,0.9806182343580139,0.9689116737735955,0.9946083568998243,0.9809241334279497,0.9644303217955535,0.9610585877701762,0.9529181004827624,0.9766246172511633,0.98303940163451
1,7,4,6,1.0,1.004941939777963,0.9823933149953511,0.9834416141646699,0.9958791388209531,0.9745262527725681,0.9777280354544069,0.9768566616223198,0.9777247516885402,0.9673371614353847,0.9649982568735559,0.9692611727035321,0.9850738781787957,0.9944234507984123,1.0007858003393286,0.9953265453365779,0.9876428410336648,0.9900382264760629,0.970964234496234,1.0008304195719213,0.9776556570291048,0.9806182343580134,0.9689116737735948,0.9824575094647969,0.9863739016783577,0.9762804554026473,0.9706072545563654,0.964697933273169,0.9823933149953511,0.9856858979102016,1.0,1.0049419397779629,0.9791383939951425,0.9822313840436353,0.9958791388209531,0.9735143383842776,0.9768343673879669,0.9755049200247947,0.9762767364633232,0.9662120554254205,0.9637507202073509,0.9679580883919859,0.9811663059326095,0.9940960531566266,1.0007858003393293,0.9953265453365783,0.987655412892199,0.9900427108195615,0.9709688089972731,1.0008304195719218,0.9716776280321913,0.9806182343580138,0.9689116737735954,0.97779363102748,1.0073475845465163,0.969601790274945,0.9531700533079851,0.9580492034615425,0.9791383939951425,0.9842192713012715
1,8,5,6,1.0,1.004941939777963,0.9823933149953511,0.9834416141646699,0.9958791388209531,0.9745262527725681,0.9777280354544069,0.9768566616223198,0.9777247516885402,0.9673371614353847,0.9649982568735559,0.9692611727035321,0.9850738781787957,0.9944234507984123,1.0007858003393286,0.9953265453365779,0.9876428410336648,0.9900382264760629,0.970964234496234,1.0008304195719213,0.9776556570291048,0.9806182343580134,0.9689116737735948,0.9824575094647969,0.9863739016783577,0.9762804554026473,0.9706072545563654,0.964697933273169,0.9823933149953511,0.9856858979102016,1.0,1.004941939777963,0.9839562761040889,0.9840118134564468,0.9958791388209526,0.9750007988411736,0.9781533463416551,0.9775043601088923,0.9784243528858582,0.9678788379966526,0.9656004119523786,0.9698904718893465,0.9869674399651052,0.9945818722560942,1.0007858003393288,0.9953265453365782,0.9876351801452313,0.9900355905064234,0.9709615455292105,1.0008304195719224,0.9805171245505784,0.9806182343466753,0.9689116737550927,0.9847144140518004,0.9712697382648716,0.9794788997812456,0.9450858194130827,0.9678814113556607,0.9839562761040889,0.9863954883006053
1,10,5,8,1.0,1.004941939777963,0.9823933149953511,0.9834416141646699,0.9958791388209531,0.9745262527725681,0.9777280354544069,0.9768566616223198,0.9777247516885402,0.9673371614353847,0.9649982568735559,0.9692611727035321,0.9850738781787957,0.9944234507984123,1.0007858003393286,0.9953265453365779,0.9876428410336648,0.9900382264760629,0.970964234496234,1.0008304195719213,0.9776556570291048,0.9806182343580134,0.9689116737735948,0.9824575094647969,0.9863739016783577,0.9762804554026473,0.9706072545563654,0.964697933273169,0.9823933149953511,0.9856858979102016,1.0,1.0049419397779629,0.9861527136258583,0.984051783561478,0.995879138820953,0.9751445276240217,0.978016949395746,0.9772392688699316,0.9781111239510684,0.9675573354631948,0.9652693830258302,0.9695859334643481,0.9843399906376338,0.9945173708088025,1.000785800339329,0.995326545336578,0.9877388712423426,0.9900843785368464,0.9710113144009032,1.000830419571922,0.9764643999058926,0.9806182343580141,0.9689116737735953,0.9815727824027188,0.9857768008622146,0.9751166990688738,0.9696628254640018,0.9635180665080125,0.9861527136258583,0.986152713625858
1,11,5,9,1.0,1.004941939777963,0.9823933149953511,0.9834416141646699,0.9958791388209531,0.9745262527725681,0.9777280354544069,0.9768566616223198,0.9777247516885402,0.9673371614353847,0.9649982568735559,0.9692611727035321,0.9850738781787957,0.9944234507984123,1.0007858003393286,0.9953265453365779,0.9876428410336648,0.9900382264760629,0.970964234496234,1.0008304195719213,0.9776556570291048,0.9806182343580134,0.9689116737735948,0.9824575094647969,0.9863739016783577,0.9762804554026473,0.9706072545563654,0.964697933273169,0.9823933149953511,0.9856858979102016,1.0,1.004941939777963,0.9823368082956346,0.9837067101450698,0.9958791388209531,0.9748004391079418,0.9778664482650956,0.9770746401464981,0.9779889310877726,0.9674837497031825,0.9651880603620043,0.9694848051736732,0.9846902675635414,0.9944895125722059,1.0007858003393288,0.995326545336578,0.9876860382854321,0.9900605765034923,0.9709870338614592,1.0008304195719222,0.9770258917698724,0.9806182343580139,0.9689116737735954,0.9819945743264146,0.9860505705855085,0.9756478002869288,0.9700940512160069,0.9640590924913087,0.9823368082956346,0.9860016269137601
1,13,8,9,1.0,1.004941939777963,0.9823933149953511,0.9834416141646699,0.9958791388209531,0.9745262527725681,0.9777280354544069,0.9768566616223198,0.9777247516885402,0.9673371614353847,0.9649982568735559,0.9692611727035321,0.9850738781787957,0.9944234507984123,1.0007858003393286,0.9953265453365779,0.9876428410336648,0.9900382264760629,0.970964234496234,1.0008304195719213,0.9776556570291048,0.9806182343580134,0.9689116737735948,0.9824575094647969,0.9863739016783577,0.9762804554026473,0.9706072545563654,0.964697933273169,0.9823933149953511,0.9856858979102016,1.0,1.0049419397779629,0.975116699068875,0.9840517835614788,0.9958791388209531,0.9751445276240224,0.9780169493957465,0.9772392688699324,0.9781111239510689,0.9675573354631954,0.9652693830258312,0.9695859334643488,0.9843399906376344,0.9945173708088023,1.000785800339329,0.9953265453365783,0.9877388712423426,0.9900843785368465,0.9710113144009032,1.0008304195719218,0.9764643999058938,0.9806182343580141,0.9689116737735957,0.9815727824027196,0.9857768008622153,0.975116699068875,0.9696628254640027,0.9635180665080135,0.975116699068875,0.9861527136258584
1,14,3,11,1.0,1.004941939777963,0.9823933149953511,0.9834416141646699,0.9958791388209531,0.9745262527725681,0.9777280354544069,0.9768566616223198,0.9777247516885402,0.9673371614353847,0.9649982568735559,0.9692611727035321,0.9850738781787957,0.9944234507984123,1.0007858003393286,0.9953265453365779,0.9876428410336648,0.9900382264760629,0.970964234496234,1.0008304195719213,0.9776556570291048,0.9806182343580134,0.9689116737735948,0.9824575094647969,0.9863739016783577,0.9762804554026473,0.9706072545563654,0.964697933273169,0.9823933149953511,0.9856858979102016,1.0,1.0049419397779633,0.9823402705521821,0.9838707538494558,0.9958791388209529,0.9748846783892298,0.9779669573915422,0.9770734180180488,0.9777620712703055,0.9674693166592877,0.9650766689669885,0.9693133203464962,0.9848937408618532,0.9944166771131298,1.0007858003393288,0.995326545336578,0.9876544851039962,0.99004160056727,0.970967676423561,1.000830419571922,0.97756727903929,0.9806182343580139,0.9689116737735955,0.9822398164939017,0.9863167136929204,0.9761706604740699,0.9705180211375436,0.9645900530778045,0.9823402705521821,0.9856569072383157
1,16,11,13,1.0,1.004941939777963,0.9823933149953511,0.9834416141646699,0.9958791388209531,0.9745262527725681,0.9777280354544069,0.9768566616223198,0.9777247516885402,0.9673371614353847,0.9649982568735559,0.9692611727035321,0.9850738781787957,0.9944234507984123,1.0007858003393286,0.9953265453365779,0.9876428410336648,0.9900382264760629,0.970964234496234,1.0008304195719213,0.9776556570291048,0.9806182343580134,0.9689116737735948,0.9824575094647969,0.9863739016783577,0.9762804554026473,0.9706072545563654,0.964697933273169,0.9823933149953511,0.9856858979102016,1.0,1.004941939777963,0.9824080926878185,0.9842714743739114,0.995879138820953,0.9581364331575349,0.9754029650987143,0.9772913752017529,0.977842675102746,0.9658827414123912,0.9640159059799982,0.9685228399699648,0.9851887733016317,0.9944276926652709,1.000785800339329,0.9953265453365779,0.9875796573179885,0.990016283449677,0.9709418502937631,1.000830419571922,0.9776693195009442,0.9806182343580137,0.9689116737735954,0.9825971822657433,0.9863997985550758,0.9763231618311864,0.9706425387843128,0.9647369362817927,0.9824080926878185,0.9856935905919461
1,17,11,14,1.0,1.004941939777963,0.9823933149953511,0.9834416141646699,0.9958791388209531,0.9745262527725681,0.9777280354544069,0.9768566616223198,0.9777247516885402,0.9673371614353847,0.9649982568735559,0.9692611727035321,0.9850738781787957,0.9944234507984123,1.0007858003393286,0.9953265453365779,0.9876428410336648,0.9900382264760629,0.970964234496234,1.0008304195719213,0.9776556570291048,0.9806182343580134,0.9689116737735948,0.9824575094647969,0.9863739016783577,0.9762804554026473,0.9706072545563654,0.964697933273169,0.9823933149953511,0.9856858979102016,1.0,1.004941939777963,0.9824531133042663,0.9850025185756038,0.9958791388209532,0.975381286217087,0.9723106932044379,0.9775670966186505,0.9779330273446916,0.9641199403983521,0.9628807645983607,0.9676809616324008,0.9853568379943072,0.9944593357909443,1.0007858003393295,0.995326545336578,0.9873481990536811,0.9899323726506145,0.9708562522316193,1.000830419571922,0.9775733380282079,0.980618234358014,0.9689116737735953,0.9827985444223631,0.9864030936471113,0.9763097057065231,0.9706332110140745,0.9647115313198336,0.9824531133042663,0.9857967519871134
1,18,11,15,1.0,1.004941939777963,0.9823933149953511,0.9834416141646699,0.9958791388209531,0.9745262527725681,0.9777280354544069,0.9768566616223198,0.9777247516885402,0.9673371614353847,0.9649982568735559,0.9692611727035321,0.9850738781787957,0.9944234507984123,1.0007858003393286,0.9953265453365779,0.9876428410336648,0.9900382264760629,0.970964234496234,1.0008304195719213,0.9776556570291048,0.9806182343580134,0.9689116737735948,0.9824575094647969,0.9863739016783577,0.9762804554026473,0.9706072545563654,0.964697933273169,0.9823933149953511,0.9856858979102016,1.0,1.0049419397779629,0.9818134778984756,0.9842807757585808,0.9958791388209534,0.975543576060862,0.9777765756158737,0.9687349315833843,0.975125102284011,0.9667724302643366,0.9643286364558992,0.9686160761099769,0.9852104486042929,0.9942746405545975,1.000785800339329,0.9953265453365779,0.9878947037499625,0.9901391487112744,0.971067185557969,1.0008304195719222,0.9772981994525606,0.980618234358014,0.9689116737735954,0.98261890463705,0.9862176719843952,0.9759201898421879,0.9703193716165752,0.9643343154110781,0.9818134778984756,0.9850865289907624
1,19,13,14,1.0,1.004941939777963,0.9823933149953511,0.9834416141646699,0.9958791388209531,0.9745262527725681,0.9777280354544069,0.9768566616223198,0.9777247516885402,0.9673371614353847,0.9649982568735559,0.9692611727035321,0.9850738781787957,0.9944234507984123,1.0007858003393286,0.9953265453365779,0.9876428410336648,0.9900382264760629,0.970964234496234,1.0008304195719213,0.9776556570291048,0.9806182343580134,0.9689116737735948,0.9824575094647969,0.9863739016783577,0.9762804554026473,0.9706072545563654,0.964697933273169,0.9823933149953511,0.9856858979102016,1.0,1.0049419397779635,0.9823835272553466,0.9831177124684127,0.995879138820953,0.9712339022551849,0.9783798605139191,0.9766761032109171,0.9776736585382656,0.9677580970851584,0.9652860767329419,0.9694775387581789,0.9850278216885292,0.9944232110911583,1.000785800339329,0.995326545336578,0.9876505378928327,0.9900408946717354,0.9709669563359663,1.000830419571922,0.9776311088318642,0.980618234358014,0.9689116737735954,0.9824017808258161,0.9863582192986987,0.9762499186974866,0.9705824720775637,0.9646679337378264,0.9823835272553466,0.9856862634218321
1,20,15,16,1.0,1.004941939777963,0.9823933149953511,0.9834416141646699,0.9958791388209531,0.9745262527725681,0.9777280354544069,0.9768566616223198,0.9777247516885402,0.9673371614353847,0.9649982568735559,0.9692611727035321,0.9850738781787957,0.9944234507984123,1.0007858003393286,0.9953265453365779,0.9876428410336648,0.9900382264760629,0.970964234496234,1.0008304195719213,0.9776556570291048,0.9806182343580134,0.9689116737735948,0.9824575094647969,0.9863739016783577,0.9762804554026473,0.9706072545563654,0.964697933273169,0.9823933149953511,0.9856858979102016,1.0,1.0049419397779633,0.9826639155497551,0.9825098955481203,0.9958791388209528,0.9740520588434937,0.9769885247177597,0.9756182888695121,0.9788892998743074,0.9668270699748232,0.9647763570053213,0.969240295395738,0.9850767625204516,0.9945386982189314,1.0007858003393295,0.9953265453365782,0.9877945282438141,0.9900990229065045,0.9710262531621702,1.0008304195719218,0.9774826816591295,0.9806182343580138,0.9689116737735952,0.9824577940303756,0.9863027176582116,0.9761095715710031,0.9704711738142623,0.9645249715700891,0.9826639155497551,0.9862433918121424
1,21,14,17,1.0,1.004941939777963,0.9823933149953511,0.9834416141646699,0.9958791388209531,0.9745262527725681,0.9777280354544069,0.9768566616223198,0.9777247516885402,0.9673371614353847,0.9649982568735559,0.9692611727035321,0.9850738781787957,0.9944234507984123,1.0007858003393286,0.9953265453365779,0.9876428410336648,0.9900382264760629,0.970964234496234,1.0008304195719213,0.9776556570291048,0.9806182343580134,0.9689116737735948,0.9824575094647969,0.9863739016783577,0.9762804554026473,0.9706072545563654,0.964697933273169,0.9823933149953511,0.9856858979102016,1.0,1.0049419397779635,0.9812862916760248,0.9839729619648849,0.9958791388209531,0.9761263592371088,0.9817328582429247,0.9762316537306288,0.9764495199719418,0.9483190150468775,0.9515752896395708,0.9587303228808092,0.9850349912016386,0.9940981184186893,1.0007858003393288,0.995326545336578,0.9879765706477888,0.990166204465148,0.9710947851351217,1.000830419571922,0.9772484707232574,0.980618234358014,0.9689116737735955,0.9824089581911708,0.9861572651840955,0.9758132137220902,0.9702317214632465,0.9642344006772688,0.9812862916760248,0.9843102071296541
1,22,17,18,1.0,1.004941939777963,0.9823933149953511,0.9834416141646699,0.9958791388209531,0.9745262527725681,0.9777280354544069,0.9768566616223198,0.9777247516885402,0.9673371614353847,0.9649982568735559,0.9692611727035321,0.9850738781787957,0.9944234507984123,1.0007858003393286,0.9953265453365779,0.9876428410336648,0.9900382264760629,0.970964234496234,1.0008304195719213,0.9776556570291048,0.9806182343580134,0.9689116737735948,0.9824575094647969,0.9863739016783577,0.9762804554026473,0.9706072545563654,0.964697933273169,0.9823933149953511,0.9856858979102016,1.0,1.004941939777963,0.9819776204557238,0.9834983317609304,0.9958791388209529,0.9750063908849436,0.9795333029279041,0.9764781430336307,0.977206251183059,0.9738756248475331,0.9596636760274035,0.9650791482144743,0.9850672033089991,0.9943061087025388,1.0007858003393288,0.9953265453365782,0.9878592904319513,0.9901210286494346,0.9710487012633008,1.0008304195719218,0.9774593189073335,0.9806182343580137,0.9689116737735949,0.9824477671402106,0.9862690667502342,0.9760510606512679,0.9704231307283865,0.9644708701276838,0.9819776204557238,0.9852120808599573
1,26,9,20,1.0,1.004941939777963,0.9823933149953511,0.9834416141646699,0.9958791388209531,0.9745262527725681,0.9777280354544069,0.9768566616223198,0.9777247516885402,0.9673371614353847,0.9649982568735559,0.9692611727035321,0.9850738781787957,0.9944234507984123,1.0007858003393286,0.9953265453365779,0.9876428410336648,0.9900382264760629,0.970964234496234,1.0008304195719213,0.9776556570291048,0.9806182343580134,0.9689116737735948,0.9824575094647969,0.9863739016783577,0.9762804554026473,0.9706072545563654,0.964697933273169,0.9823933149953511,0.9856858979102016,1.0,1.0049419397779633,0.9753498514662161,0.9814064729736188,0.9958791388209531,0.9724099112009441,0.9755455221179502,0.9715586578162787,0.969353117901273,0.9624766481764024,0.958574339609016,0.9620360894278019,0.9837392026442979,0.9969477807509406,1.0007858003393288,0.995326545336578,0.9876316531405672,0.9900356115065729,0.9709615669525512,1.000830419571922,0.9756857622981945,0.9806182343580138,0.9689116737735952,0.9808410288712405,0.9852749688296363,0.974099189859106,0.9688403206928524,0.9625240835556029,0.9753498514662161,0.9760903874059108
1,27,9,21,1.0,1.004941939777963,0.9823933149953511,0.9834416141646699,0.9958791388209531,0.9745262527725681,0.9777280354544069,0.9768566616223198,0.9777247516885402,0.9673371614353847,0.9649982568735559,0.9692611727035321,0.9850738781787957,0.9944234507984123,1.0007858003393286,0.9953265453365779,0.9876428410336648,0.9900382264760629,0.970964234496234,1.0008304195719213,0.9776556570291048,0.9806182343580134,0.9689116737735948,0.9824575094647969,0.9863739016783577,0.9762804554026473,0.9706072545563654,0.964697933273169,0.9823933149953511,0.9856858979102016,1.0,1.0049419397779629,0.9782165297467837,0.9822191207090676,0.9958791388209531,0.9732472182305704,0.9764253103692995,0.9737021166878013,0.9727584860172696,0.9644429303835469,0.9611807928118036,0.9649724540471725,0.9842789884867903,0.9931224786196124,1.0007858003393288,0.9953265453365778,0.9876124425659926,0.9900261426072735,0.9709519076774747,1.000830419571922,0.9764939784443172,0.9806182343580139,0.9689116737735954,0.9814948238207097,0.9857191552263744,0.9749802473161433,0.9695540872653882,0.9634039514822559,0.9782165297467837,0.9800014269879606
1,28,20,21,1.0,1.004941939777963,0.9823933149953511,0.9834416141646699,0.9958791388209531,0.9745262527725681,0.9777280354544069,0.9768566616223198,0.9777247516885402,0.9673371614353847,0.9649982568735559,0.9692611727035321,0.9850738781787957,0.9944234507984123,1.0007858003393286,0.9953265453365779,0.9876428410336648,0.9900382264760629,0.970964234496234,1.0008304195719213,0.9776556570291048,0.9806182343580134,0.9689116737735948,0.9824575094647969,0.9863739016783577,0.9762804554026473,0.9706072545563654,0.964697933273169,0.9823933149953511,0.9856858979102016,1.0,1.0049419397779629,0.9645518187821548,0.9781055761555985,0.9958791388209527,0.9688802095639156,0.9720973663743296,0.963287157217143,0.9565089722736348,0.95487886722702,0.9486299697274424,0.950914683088097,0.9816260370532011,0.9482555512837156,1.0007858003393293,0.9953265453365778,0.9872989759483163,0.9898887665404887,0.9708117691770237,1.000830419571922,0.9727127078248443,0.9806182343580139,0.9689116737735953,0.9782841613455201,0.9835390949833474,0.9706400727133991,0.9660391192060627,0.9590979863377213,0.9645518187821548,0.9614708255228092
1,29,14,22,1.0,1.004941939777963,0.9823933149953511,0.9834416141646699,0.9958791388209531,0.9745262527725681,0.9777280354544069,0.9768566616223198,0.9777247516885402,0.9673371614353847,0.9649982568735559,0.9692611727035321,0.9850738781787957,0.9944234507984123,1.0007858003393286,0.9953265453365779,0.9876428410336648,0.9900382264760629,0.970964234496234,1.0008304195719213,0.9776556570291048,0.9806182343580134,0.9689116737735948,0.9824575094647969,0.9863739016783577,0.9762804554026473,0.9706072545563654,0.964697933273169,0.9823933149953511,0.9856858979102016,1.0,1.004941939777963,0.9812239032040179,0.9789483587954845,0.9958791388209531,0.9665841640958395,0.9655682774425473,0.9738628552347361,0.9758976537047594,0.9591532765021488,0.9589744257903591,0.9643627615423465,0.9841388309304696,0.9940599330391753,1.0007858003393295,0.9953265453365783,0.9883989617922397,0.990282101767641,0.9712130116265127,1.0008304195719222,0.9772803780266408,0.9806182343580138,0.9689116737735954,0.9813312949572286,0.9860114219875218,0.9755806596449508,0.9700388051409611,0.9640370158187803,0.9812239032040179,0.9842537072829818
1,30,21,23,1.0,1.004941939777963,0.9823933149953511,0.9834416141646699,0.9958791388209531,0.9745262527725681,0.9777280354544069,0.9768566616223198,0.9777247516885402,0.9673371614353847,0.9649982568735559,0.9692611727035321,0.9850738781787957,0.9944234507984123,1.0007858003393286,0.9953265453365779,0.9876428410336648,0.9900382264760629,0.970964234496234,1.0008304195719213,0.9776556570291048,0.9806182343580134,0.9689116737735948,0.9824575094647969,0.9863739016783577,0.9762804554026473,0.9706072545563654,0.964697933273169,0.9823933149953511,0.9856858979102016,1.0,1.004941939777963,0.9824612742327353,0.9833204485181716,0.9958791388209528,0.974337525590506,0.9776693106176553,0.9767927218260497,0.9777800190814521,0.9672761468429466,0.9649827472674651,0.9692841873563403,0.9850709194511305,0.994464546870233,1.0007858003393288,0.9953265453365779,0.9739382770600381,0.9847023490692991,0.9655204589411587,1.0008304195719222,0.9777305334929091,0.980618234358014,0.9689116737735955,0.9824532664371024,0.9863655883813129,0.9762628193791812,0.9705930596258219,0.9646932994566454,0.9824612742327353,0.9858143974046435
1,31,22,23,1.0,1.004941939777963,0.9823933149953511,0.9834416141646699,0.9958791388209531,0.9745262527725681,0.9777280354544069,0.9768566616223198,0.9777247516885402,0.9673371614353847,0.9649982568735559,0.9692611727035321,0.9850738781787957,0.9944234507984123,1.0007858003393286,0.9953265453365779,0.9876428410336648,0.9900382264760629,0.970964234496234,1.0008304195719213,0.9776556570291048,0.9806182343580134,0.9689116737735948,0.9824575094647969,0.9863739016783577,0.9762804554026473,0.9706072545563654,0.964697933273169,0.9823933149953511,0.9856858979102016,1.0,1.0049419397779629,0.9822719185679519,0.9822239597718206,0.995879138820953,0.9729119216662095,0.9769930355298984,0.9759307002996058,0.9773686573526317,0.9664942514385574,0.9643329378998289,0.9687664453458132,0.9849745390302428,0.9944570921235869,1.000785800339329,0.995326545336578,0.9822700533442001,0.9879724490005887,0.9688568318554549,1.0008304195719218,0.9771683888122493,0.980618234358014,0.9689116737735955,0.9823358333753829,0.9862466617097005,0.9759941218162458,0.9703779864592152,0.9643798022622592,0.9822719185679519,0.9856748796581531
1,32,23,24,1.0,1.004941939777963,0.9823933149953511,0.9834416141646699,0.9958791388209531,0.9745262527725681,0.9777280354544069,0.9768566616223198,0.9777247516885402,0.9673371614353847,0.9649982568735559,0.9692611727035321,0.9850738781787957,0.9944234507984123,1.0007858003393286,0.9953265453365779,0.9876428410336648,0.9900382264760629,0.970964234496234,1.0008304195719213,0.9776556570291048,0.9806182343580134,0.9689116737735948,0.9824575094647969,0.9863739016783577,0.9762804554026473,0.9706072545563654,0.964697933273169,0.9823933149953511,0.9856858979102016,1.0,1.0049419397779635,0.9827151831733677,0.9839501242566652,0.9958791388209532,0.9750888763163734,0.9780292082319999,0.9773410135371465,0.9782055903330888,0.9677195893935826,0.9654191536530158,0.9696978754922937,0.9850902232302561,0.994548951716656,1.000785800339329,0.995326545336578,0.9867682064459622,0.9913256539124664,0.9722775098949286,1.0008304195719222,0.9782529420880203,0.980618234358014,0.9689116737735954,0.982478314562641,0.9864159733859106,0.9763792474089852,0.9706860519525743,0.9648682160359702,0.9827151831733677,0.9861701507468836
1,34,24,26,1.0,1.004941939777963,0.9823933149953511,0.9834416141646699,0.9958791388209531,0.9745262527725681,0.9777280354544069,0.9768566616223198,0.9777247516885402,0.9673371614353847,0.9649982568735559,0.9692611727035321,0.9850738781787957,0.9944234507984123,1.0007858003393286,0.9953265453365779,0.9876428410336648,0.9900382264760629,0.970964234496234,1.0008304195719213,0.9776556570291048,0.9806182343580134,0.9689116737735948,0.9824575094647969,0.9863739016783577,0.9762804554026473,0.9706072545563654,0.964697933273169,0.9823933149953511,0.9856858979102016,1.0,1.0049419397779633,0.982990284253441,0.984418638582245,0.9958791388209529,0.975606577204037,0.9783010717410199,0.97778771598152,0.9786553435492203,0.968068644046885,0.9658075707181428,0.970103716528087,0.9850657477023191,0.9946683979895586,1.000785800339329,0.995326545336578,0.9813069726284368,0.9652798763642866,0.9456944738649063,1.0008304195719218,0.978730306362503,0.980618234358014,0.9689116737735954,0.9824509104476806,0.9864266651970618,0.9764100199707064,0.9707102056073917,0.9649611215836496,0.982990284253441,0.9866277781898378
1,35,27,26,1.0,1.004941939777963,0.9823933149953511,0.9834416141646699,0.9958791388209531,0.9745262527725681,0.9777280354544069,0.9768566616223198,0.9777247516885402,0.9673371614353847,0.9649982568735559,0.9692611727035321,0.9850738781787957,0.9944234507984123,1.0007858003393286,0.9953265453365779,0.9876428410336648,0.9900382264760629,0.970964234496234,1.0008304195719213,0.9776556570291048,0.9806182343580134,0.9689116737735948,0.9824575094647969,0.9863739016783577,0.9762804554026473,0.9706072545563654,0.964697933273169,0.9823933149953511,0.9856858979102016,1.0,1.0049419397779635,0.9804723469036782,0.9822026588682399,0.9958791388209532,0.9733054722563584,0.9769162273024847,0.9756168038553065,0.9764652258092208,0.9663364103294964,0.9638998040015403,0.9681196093149348,0.9833494853925404,0.9941185572170793,1.000785800339329,0.9953265453365782,0.9875414466516799,0.9899203907675523,0.9708440293975382,1.000830419571922,0.9708112242297361,0.9806182343580142,0.9689116737735957,0.9803690106866845,0.9847524462030836,0.9730314888233733,0.9679778745494833,0.9608160639411053,0.9804723469036782,0.9844173833313214
1,38,28,29,1.0,1.004941939777963,0.9823933149953511,0.9834416141646699,0.9958791388209531,0.9745262527725681,0.9777280354544069,0.9768566616223198,0.9777247516885402,0.9673371614353847,0.9649982568735559,0.9692611727035321,0.9850738781787957,0.9944234507984123,1.0007858003393286,0.9953265453365779,0.9876428410336648,0.9900382264760629,0.970964234496234,1.0008304195719213,0.9776556570291048,0.9806182343580134,0.9689116737735948,0.9824575094647969,0.9863739016783577,0.9762804554026473,0.9706072545563654,0.964697933273169,0.9823933149953511,0.9856858979102016,1.0,1.0049419397779629,0.9823879515426586,0.9834442485729825,0.995879138820953,0.974530017201177,0.9777289965993046,0.9768581484036142,0.9777256341178195,0.9673380618649983,0.9649991312682394,0.9692620322361757,0.985062154221313,0.9944238096726876,1.000785800339329,0.9953265453365778,0.9876426716697686,0.9900375291767768,0.9709635231776715,1.000830419571922,0.9776284775921542,0.9918547054209204,0.9514573669888947,0.9824442798870305,0.9863674991663152,0.9762640063503707,0.9705942286886642,0.9646797808648842,0.9823879515426586,0.9856867064153639
1,40,5,27,1.0,1.004941939777963,0.9823933149953511,0.9834416141646699,0.9958791388209531,0.9745262527725681,0.9777280354544069,0.9768566616223198,0.9777247516885402,0.9673371614353847,0.9649982568735559,0.9692611727035321,0.9850738781787957,0.9944234507984123,1.0007858003393286,0.9953265453365779,0.9876428410336648,0.9900382264760629,0.970964234496234,1.0008304195719213,0.9776556570291048,0.9806182343580134,0.9689116737735948,0.9824575094647969,0.9863739016783577,0.9762804554026473,0.9706072545563654,0.964697933273169,0.9823933149953511,0.9856858979102016,1.0,1.0049419397779635,0.9820317252785197,0.983305587408996,0.9958791388209532,0.9744127363647697,0.9776303166769549,0.9767126349375144,0.9775742512547573,0.9672192528471225,0.9648684992024243,0.9691256850978804,0.98466070885446,0.9943898459518176,1.000785800339329,0.995326545336578,0.9876422808999762,0.990037100589467,0.9709630859735632,1.000830419571922,0.9799147064252967,0.9806182343580139,0.9689116737735953,0.9819569873274808,0.9859914043098222,0.9755204180017555,0.9699916684925263,0.9644378441508229,0.9820317252785197,0.9855338714647364
