id,cenario,linha_desligada,status,ilhamento,num_componentes_conectados,convergencia,created_at
1,0,0,normal,f,1,t,2025-07-06 02:49:05.784401
2,0,1,normal,f,1,t,2025-07-06 02:49:05.784401
3,0,2,normal,f,1,t,2025-07-06 02:49:05.784401
4,0,3,normal,f,1,t,2025-07-06 02:49:05.784401
5,0,4,normal,f,1,t,2025-07-06 02:49:05.784401
6,0,5,normal,f,1,t,2025-07-06 02:49:05.784401
7,0,6,normal,f,1,t,2025-07-06 02:49:05.784401
8,0,7,normal,f,1,t,2025-07-06 02:49:05.784401
9,0,8,normal,f,1,t,2025-07-06 02:49:05.784401
10,0,9,crítica,f,1,t,2025-07-06 02:49:05.784401
11,0,10,normal,f,1,t,2025-07-06 02:49:05.784401
12,0,11,normal,f,1,t,2025-07-06 02:49:05.784401
13,0,12,ilhamento,t,,f,2025-07-06 02:49:05.784401
14,0,13,normal,f,1,t,2025-07-06 02:49:05.784401
15,0,14,normal,f,1,t,2025-07-06 02:49:05.784401
16,0,15,ilhamento,t,,f,2025-07-06 02:49:05.784401
17,0,16,normal,f,1,t,2025-07-06 02:49:05.784401
18,0,17,normal,f,1,t,2025-07-06 02:49:05.784401
19,0,18,normal,f,1,t,2025-07-06 02:49:05.784401
20,0,19,normal,f,1,t,2025-07-06 02:49:05.784401
21,0,20,normal,f,1,t,2025-07-06 02:49:05.784401
22,0,21,normal,f,1,t,2025-07-06 02:49:05.784401
23,0,22,normal,f,1,t,2025-07-06 02:49:05.784401
24,0,23,crítica,f,1,t,2025-07-06 02:49:05.784401
25,0,24,crítica,f,1,t,2025-07-06 02:49:05.784401
26,0,25,crítica,f,1,t,2025-07-06 02:49:05.784401
27,0,26,normal,f,1,t,2025-07-06 02:49:05.784401
28,0,27,normal,f,1,t,2025-07-06 02:49:05.784401
29,0,28,normal,f,1,t,2025-07-06 02:49:05.784401
30,0,29,normal,f,1,t,2025-07-06 02:49:05.784401
31,0,30,normal,f,1,t,2025-07-06 02:49:05.784401
32,0,31,normal,f,1,t,2025-07-06 02:49:05.784401
33,0,32,normal,f,1,t,2025-07-06 02:49:05.784401
34,0,33,ilhamento,t,,f,2025-07-06 02:49:05.784401
35,0,34,normal,f,1,t,2025-07-06 02:49:05.784401
36,0,35,normal,f,1,t,2025-07-06 02:49:05.784401
37,0,36,crítica,f,1,t,2025-07-06 02:49:05.784401
38,0,37,crítica,f,1,t,2025-07-06 02:49:05.784401
39,0,38,normal,f,1,t,2025-07-06 02:49:05.784401
40,0,39,crítica,f,1,t,2025-07-06 02:49:05.784401
41,0,40,normal,f,1,t,2025-07-06 02:49:05.784401
42,1,0,normal,f,1,t,2025-07-06 02:49:05.784401
43,1,1,normal,f,1,t,2025-07-06 02:49:05.784401
44,1,2,normal,f,1,t,2025-07-06 02:49:05.784401
45,1,3,normal,f,1,t,2025-07-06 02:49:05.784401
46,1,4,normal,f,1,t,2025-07-06 02:49:05.784401
47,1,5,normal,f,1,t,2025-07-06 02:49:05.784401
48,1,6,normal,f,1,t,2025-07-06 02:49:05.784401
49,1,7,normal,f,1,t,2025-07-06 02:49:05.784401
50,1,8,normal,f,1,t,2025-07-06 02:49:05.784401
51,1,9,crítica,f,1,t,2025-07-06 02:49:05.784401
52,1,10,normal,f,1,t,2025-07-06 02:49:05.784401
53,1,11,normal,f,1,t,2025-07-06 02:49:05.784401
54,1,12,ilhamento,t,,f,2025-07-06 02:49:05.784401
55,1,13,normal,f,1,t,2025-07-06 02:49:05.784401
56,1,14,normal,f,1,t,2025-07-06 02:49:05.784401
57,1,15,ilhamento,t,,f,2025-07-06 02:49:05.784401
58,1,16,normal,f,1,t,2025-07-06 02:49:05.784401
59,1,17,normal,f,1,t,2025-07-06 02:49:05.784401
60,1,18,normal,f,1,t,2025-07-06 02:49:05.784401
61,1,19,normal,f,1,t,2025-07-06 02:49:05.784401
62,1,20,normal,f,1,t,2025-07-06 02:49:05.784401
63,1,21,normal,f,1,t,2025-07-06 02:49:05.784401
64,1,22,normal,f,1,t,2025-07-06 02:49:05.784401
65,1,23,crítica,f,1,t,2025-07-06 02:49:05.784401
66,1,24,crítica,f,1,t,2025-07-06 02:49:05.784401
67,1,25,crítica,f,1,t,2025-07-06 02:49:05.784401
68,1,26,normal,f,1,t,2025-07-06 02:49:05.784401
69,1,27,normal,f,1,t,2025-07-06 02:49:05.784401
70,1,28,normal,f,1,t,2025-07-06 02:49:05.784401
71,1,29,normal,f,1,t,2025-07-06 02:49:05.784401
72,1,30,normal,f,1,t,2025-07-06 02:49:05.784401
73,1,31,normal,f,1,t,2025-07-06 02:49:05.784401
74,1,32,normal,f,1,t,2025-07-06 02:49:05.784401
75,1,33,ilhamento,t,,f,2025-07-06 02:49:05.784401
76,1,34,normal,f,1,t,2025-07-06 02:49:05.784401
77,1,35,normal,f,1,t,2025-07-06 02:49:05.784401
78,1,36,crítica,f,1,t,2025-07-06 02:49:05.784401
79,1,37,crítica,f,1,t,2025-07-06 02:49:05.784401
80,1,38,normal,f,1,t,2025-07-06 02:49:05.784401
81,1,39,crítica,f,1,t,2025-07-06 02:49:05.784401
82,1,40,normal,f,1,t,2025-07-06 02:49:05.784401
83,0,0,normal,f,1,t,2025-07-06 02:50:11.19199
84,0,1,normal,f,1,t,2025-07-06 02:50:11.19199
85,0,2,normal,f,1,t,2025-07-06 02:50:11.19199
86,0,3,normal,f,1,t,2025-07-06 02:50:11.19199
87,0,4,normal,f,1,t,2025-07-06 02:50:11.19199
88,0,5,normal,f,1,t,2025-07-06 02:50:11.19199
89,0,6,normal,f,1,t,2025-07-06 02:50:11.19199
90,0,7,normal,f,1,t,2025-07-06 02:50:11.19199
91,0,8,normal,f,1,t,2025-07-06 02:50:11.19199
92,0,9,crítica,f,1,t,2025-07-06 02:50:11.19199
93,0,10,normal,f,1,t,2025-07-06 02:50:11.19199
94,0,11,normal,f,1,t,2025-07-06 02:50:11.19199
95,0,12,ilhamento,t,,f,2025-07-06 02:50:11.19199
96,0,13,normal,f,1,t,2025-07-06 02:50:11.19199
97,0,14,normal,f,1,t,2025-07-06 02:50:11.19199
98,0,15,ilhamento,t,,f,2025-07-06 02:50:11.19199
99,0,16,normal,f,1,t,2025-07-06 02:50:11.19199
100,0,17,normal,f,1,t,2025-07-06 02:50:11.19199
101,0,18,normal,f,1,t,2025-07-06 02:50:11.19199
102,0,19,normal,f,1,t,2025-07-06 02:50:11.19199
103,0,20,normal,f,1,t,2025-07-06 02:50:11.19199
104,0,21,normal,f,1,t,2025-07-06 02:50:11.19199
105,0,22,normal,f,1,t,2025-07-06 02:50:11.19199
106,0,23,normal,f,1,t,2025-07-06 02:50:11.19199
107,0,24,crítica,f,1,t,2025-07-06 02:50:11.19199
108,0,25,crítica,f,1,t,2025-07-06 02:50:11.19199
109,0,26,normal,f,1,t,2025-07-06 02:50:11.19199
110,0,27,normal,f,1,t,2025-07-06 02:50:11.19199
111,0,28,normal,f,1,t,2025-07-06 02:50:11.19199
112,0,29,normal,f,1,t,2025-07-06 02:50:11.19199
113,0,30,normal,f,1,t,2025-07-06 02:50:11.19199
114,0,31,normal,f,1,t,2025-07-06 02:50:11.19199
115,0,32,normal,f,1,t,2025-07-06 02:50:11.19199
116,0,33,ilhamento,t,,f,2025-07-06 02:50:11.19199
117,0,34,normal,f,1,t,2025-07-06 02:50:11.19199
118,0,35,normal,f,1,t,2025-07-06 02:50:11.19199
119,0,36,crítica,f,1,t,2025-07-06 02:50:11.19199
120,0,37,crítica,f,1,t,2025-07-06 02:50:11.19199
121,0,38,normal,f,1,t,2025-07-06 02:50:11.19199
122,0,39,crítica,f,1,t,2025-07-06 02:50:11.19199
123,0,40,normal,f,1,t,2025-07-06 02:50:11.19199
124,1,0,normal,f,1,t,2025-07-06 02:50:11.19199
125,1,1,normal,f,1,t,2025-07-06 02:50:11.19199
126,1,2,normal,f,1,t,2025-07-06 02:50:11.19199
127,1,3,normal,f,1,t,2025-07-06 02:50:11.19199
128,1,4,normal,f,1,t,2025-07-06 02:50:11.19199
129,1,5,normal,f,1,t,2025-07-06 02:50:11.19199
130,1,6,normal,f,1,t,2025-07-06 02:50:11.19199
131,1,7,normal,f,1,t,2025-07-06 02:50:11.19199
132,1,8,crítica,f,1,t,2025-07-06 02:50:11.19199
133,1,9,crítica,f,1,t,2025-07-06 02:50:11.19199
134,1,10,normal,f,1,t,2025-07-06 02:50:11.19199
135,1,11,normal,f,1,t,2025-07-06 02:50:11.19199
136,1,12,ilhamento,t,,f,2025-07-06 02:50:11.19199
137,1,13,normal,f,1,t,2025-07-06 02:50:11.19199
138,1,14,normal,f,1,t,2025-07-06 02:50:11.19199
139,1,15,ilhamento,t,,f,2025-07-06 02:50:11.19199
140,1,16,normal,f,1,t,2025-07-06 02:50:11.19199
141,1,17,normal,f,1,t,2025-07-06 02:50:11.19199
142,1,18,normal,f,1,t,2025-07-06 02:50:11.19199
143,1,19,normal,f,1,t,2025-07-06 02:50:11.19199
144,1,20,normal,f,1,t,2025-07-06 02:50:11.19199
145,1,21,normal,f,1,t,2025-07-06 02:50:11.19199
146,1,22,normal,f,1,t,2025-07-06 02:50:11.19199
147,1,23,crítica,f,1,t,2025-07-06 02:50:11.19199
148,1,24,crítica,f,1,t,2025-07-06 02:50:11.19199
149,1,25,crítica,f,1,t,2025-07-06 02:50:11.19199
150,1,26,normal,f,1,t,2025-07-06 02:50:11.19199
151,1,27,normal,f,1,t,2025-07-06 02:50:11.19199
152,1,28,normal,f,1,t,2025-07-06 02:50:11.19199
153,1,29,normal,f,1,t,2025-07-06 02:50:11.19199
154,1,30,normal,f,1,t,2025-07-06 02:50:11.19199
155,1,31,normal,f,1,t,2025-07-06 02:50:11.19199
156,1,32,normal,f,1,t,2025-07-06 02:50:11.19199
157,1,33,ilhamento,t,,f,2025-07-06 02:50:11.19199
158,1,34,normal,f,1,t,2025-07-06 02:50:11.19199
159,1,35,normal,f,1,t,2025-07-06 02:50:11.19199
160,1,36,crítica,f,1,t,2025-07-06 02:50:11.19199
161,1,37,crítica,f,1,t,2025-07-06 02:50:11.19199
162,1,38,normal,f,1,t,2025-07-06 02:50:11.19199
163,1,39,crítica,f,1,t,2025-07-06 02:50:11.19199
164,1,40,normal,f,1,t,2025-07-06 02:50:11.19199
165,0,0,normal,f,1,t,2025-07-06 02:52:49.41391
166,0,1,normal,f,1,t,2025-07-06 02:52:49.41391
167,0,2,normal,f,1,t,2025-07-06 02:52:49.41391
168,0,3,normal,f,1,t,2025-07-06 02:52:49.41391
169,0,4,normal,f,1,t,2025-07-06 02:52:49.41391
170,0,5,normal,f,1,t,2025-07-06 02:52:49.41391
171,0,6,normal,f,1,t,2025-07-06 02:52:49.41391
172,0,7,normal,f,1,t,2025-07-06 02:52:49.41391
173,0,8,normal,f,1,t,2025-07-06 02:52:49.41391
174,0,9,crítica,f,1,t,2025-07-06 02:52:49.41391
175,0,10,normal,f,1,t,2025-07-06 02:52:49.41391
176,0,11,normal,f,1,t,2025-07-06 02:52:49.41391
177,0,12,ilhamento,t,,f,2025-07-06 02:52:49.41391
178,0,13,normal,f,1,t,2025-07-06 02:52:49.41391
179,0,14,normal,f,1,t,2025-07-06 02:52:49.41391
180,0,15,ilhamento,t,,f,2025-07-06 02:52:49.41391
181,0,16,normal,f,1,t,2025-07-06 02:52:49.41391
182,0,17,normal,f,1,t,2025-07-06 02:52:49.41391
183,0,18,normal,f,1,t,2025-07-06 02:52:49.41391
184,0,19,normal,f,1,t,2025-07-06 02:52:49.41391
185,0,20,normal,f,1,t,2025-07-06 02:52:49.41391
186,0,21,normal,f,1,t,2025-07-06 02:52:49.41391
187,0,22,normal,f,1,t,2025-07-06 02:52:49.41391
188,0,23,crítica,f,1,t,2025-07-06 02:52:49.41391
189,0,24,crítica,f,1,t,2025-07-06 02:52:49.41391
190,0,25,crítica,f,1,t,2025-07-06 02:52:49.41391
191,0,26,normal,f,1,t,2025-07-06 02:52:49.41391
192,0,27,normal,f,1,t,2025-07-06 02:52:49.41391
193,0,28,normal,f,1,t,2025-07-06 02:52:49.41391
194,0,29,normal,f,1,t,2025-07-06 02:52:49.41391
195,0,30,normal,f,1,t,2025-07-06 02:52:49.41391
196,0,31,normal,f,1,t,2025-07-06 02:52:49.41391
197,0,32,normal,f,1,t,2025-07-06 02:52:49.41391
198,0,33,ilhamento,t,,f,2025-07-06 02:52:49.41391
199,0,34,normal,f,1,t,2025-07-06 02:52:49.41391
200,0,35,crítica,f,1,t,2025-07-06 02:52:49.41391
201,0,36,crítica,f,1,t,2025-07-06 02:52:49.41391
202,0,37,crítica,f,1,t,2025-07-06 02:52:49.41391
203,0,38,normal,f,1,t,2025-07-06 02:52:49.41391
204,0,39,crítica,f,1,t,2025-07-06 02:52:49.41391
205,0,40,normal,f,1,t,2025-07-06 02:52:49.41391
206,1,0,normal,f,1,t,2025-07-06 02:52:49.41391
207,1,1,normal,f,1,t,2025-07-06 02:52:49.41391
208,1,2,normal,f,1,t,2025-07-06 02:52:49.41391
209,1,3,normal,f,1,t,2025-07-06 02:52:49.41391
210,1,4,normal,f,1,t,2025-07-06 02:52:49.41391
211,1,5,normal,f,1,t,2025-07-06 02:52:49.41391
212,1,6,normal,f,1,t,2025-07-06 02:52:49.41391
213,1,7,normal,f,1,t,2025-07-06 02:52:49.41391
214,1,8,normal,f,1,t,2025-07-06 02:52:49.41391
215,1,9,crítica,f,1,t,2025-07-06 02:52:49.41391
216,1,10,normal,f,1,t,2025-07-06 02:52:49.41391
217,1,11,normal,f,1,t,2025-07-06 02:52:49.41391
218,1,12,ilhamento,t,,f,2025-07-06 02:52:49.41391
219,1,13,normal,f,1,t,2025-07-06 02:52:49.41391
220,1,14,normal,f,1,t,2025-07-06 02:52:49.41391
221,1,15,ilhamento,t,,f,2025-07-06 02:52:49.41391
222,1,16,normal,f,1,t,2025-07-06 02:52:49.41391
223,1,17,normal,f,1,t,2025-07-06 02:52:49.41391
224,1,18,normal,f,1,t,2025-07-06 02:52:49.41391
225,1,19,normal,f,1,t,2025-07-06 02:52:49.41391
226,1,20,normal,f,1,t,2025-07-06 02:52:49.41391
227,1,21,normal,f,1,t,2025-07-06 02:52:49.41391
228,1,22,normal,f,1,t,2025-07-06 02:52:49.41391
229,1,23,crítica,f,1,t,2025-07-06 02:52:49.41391
230,1,24,crítica,f,1,t,2025-07-06 02:52:49.41391
231,1,25,crítica,f,1,t,2025-07-06 02:52:49.41391
232,1,26,normal,f,1,t,2025-07-06 02:52:49.41391
233,1,27,normal,f,1,t,2025-07-06 02:52:49.41391
234,1,28,normal,f,1,t,2025-07-06 02:52:49.41391
235,1,29,normal,f,1,t,2025-07-06 02:52:49.41391
236,1,30,normal,f,1,t,2025-07-06 02:52:49.41391
237,1,31,normal,f,1,t,2025-07-06 02:52:49.41391
238,1,32,normal,f,1,t,2025-07-06 02:52:49.41391
239,1,33,ilhamento,t,,f,2025-07-06 02:52:49.41391
240,1,34,normal,f,1,t,2025-07-06 02:52:49.41391
241,1,35,normal,f,1,t,2025-07-06 02:52:49.41391
242,1,36,crítica,f,1,t,2025-07-06 02:52:49.41391
243,1,37,crítica,f,1,t,2025-07-06 02:52:49.41391
244,1,38,normal,f,1,t,2025-07-06 02:52:49.41391
245,1,39,crítica,f,1,t,2025-07-06 02:52:49.41391
246,1,40,normal,f,1,t,2025-07-06 02:52:49.41391
247,0,0,normal,f,1,t,2025-07-06 02:53:55.861762
248,0,1,normal,f,1,t,2025-07-06 02:53:55.861762
249,0,2,normal,f,1,t,2025-07-06 02:53:55.861762
250,0,3,normal,f,1,t,2025-07-06 02:53:55.861762
251,0,4,normal,f,1,t,2025-07-06 02:53:55.861762
252,0,5,normal,f,1,t,2025-07-06 02:53:55.861762
253,0,6,normal,f,1,t,2025-07-06 02:53:55.861762
254,0,7,normal,f,1,t,2025-07-06 02:53:55.861762
255,0,8,normal,f,1,t,2025-07-06 02:53:55.861762
256,0,9,crítica,f,1,t,2025-07-06 02:53:55.861762
257,0,10,normal,f,1,t,2025-07-06 02:53:55.861762
258,0,11,normal,f,1,t,2025-07-06 02:53:55.861762
259,0,12,ilhamento,t,,f,2025-07-06 02:53:55.861762
260,0,13,normal,f,1,t,2025-07-06 02:53:55.861762
261,0,14,normal,f,1,t,2025-07-06 02:53:55.861762
262,0,15,ilhamento,t,,f,2025-07-06 02:53:55.861762
263,0,16,normal,f,1,t,2025-07-06 02:53:55.861762
264,0,17,normal,f,1,t,2025-07-06 02:53:55.861762
265,0,18,normal,f,1,t,2025-07-06 02:53:55.861762
266,0,19,normal,f,1,t,2025-07-06 02:53:55.861762
267,0,20,normal,f,1,t,2025-07-06 02:53:55.861762
268,0,21,normal,f,1,t,2025-07-06 02:53:55.861762
269,0,22,normal,f,1,t,2025-07-06 02:53:55.861762
270,0,23,normal,f,1,t,2025-07-06 02:53:55.861762
271,0,24,crítica,f,1,t,2025-07-06 02:53:55.861762
272,0,25,crítica,f,1,t,2025-07-06 02:53:55.861762
273,0,26,normal,f,1,t,2025-07-06 02:53:55.861762
274,0,27,normal,f,1,t,2025-07-06 02:53:55.861762
275,0,28,normal,f,1,t,2025-07-06 02:53:55.861762
276,0,29,normal,f,1,t,2025-07-06 02:53:55.861762
277,0,30,normal,f,1,t,2025-07-06 02:53:55.861762
278,0,31,normal,f,1,t,2025-07-06 02:53:55.861762
279,0,32,normal,f,1,t,2025-07-06 02:53:55.861762
280,0,33,ilhamento,t,,f,2025-07-06 02:53:55.861762
281,0,34,normal,f,1,t,2025-07-06 02:53:55.861762
282,0,35,normal,f,1,t,2025-07-06 02:53:55.861762
283,0,36,crítica,f,1,t,2025-07-06 02:53:55.861762
284,0,37,crítica,f,1,t,2025-07-06 02:53:55.861762
285,0,38,normal,f,1,t,2025-07-06 02:53:55.861762
286,0,39,crítica,f,1,t,2025-07-06 02:53:55.861762
287,0,40,normal,f,1,t,2025-07-06 02:53:55.861762
288,1,0,normal,f,1,t,2025-07-06 02:53:55.861762
289,1,1,normal,f,1,t,2025-07-06 02:53:55.861762
290,1,2,normal,f,1,t,2025-07-06 02:53:55.861762
291,1,3,normal,f,1,t,2025-07-06 02:53:55.861762
292,1,4,normal,f,1,t,2025-07-06 02:53:55.861762
293,1,5,normal,f,1,t,2025-07-06 02:53:55.861762
294,1,6,normal,f,1,t,2025-07-06 02:53:55.861762
295,1,7,normal,f,1,t,2025-07-06 02:53:55.861762
296,1,8,crítica,f,1,t,2025-07-06 02:53:55.861762
297,1,9,crítica,f,1,t,2025-07-06 02:53:55.861762
298,1,10,normal,f,1,t,2025-07-06 02:53:55.861762
299,1,11,normal,f,1,t,2025-07-06 02:53:55.861762
300,1,12,ilhamento,t,,f,2025-07-06 02:53:55.861762
301,1,13,normal,f,1,t,2025-07-06 02:53:55.861762
302,1,14,normal,f,1,t,2025-07-06 02:53:55.861762
303,1,15,ilhamento,t,,f,2025-07-06 02:53:55.861762
304,1,16,normal,f,1,t,2025-07-06 02:53:55.861762
305,1,17,normal,f,1,t,2025-07-06 02:53:55.861762
306,1,18,normal,f,1,t,2025-07-06 02:53:55.861762
307,1,19,normal,f,1,t,2025-07-06 02:53:55.861762
308,1,20,normal,f,1,t,2025-07-06 02:53:55.861762
309,1,21,normal,f,1,t,2025-07-06 02:53:55.861762
310,1,22,normal,f,1,t,2025-07-06 02:53:55.861762
311,1,23,crítica,f,1,t,2025-07-06 02:53:55.861762
312,1,24,crítica,f,1,t,2025-07-06 02:53:55.861762
313,1,25,crítica,f,1,t,2025-07-06 02:53:55.861762
314,1,26,normal,f,1,t,2025-07-06 02:53:55.861762
315,1,27,crítica,f,1,t,2025-07-06 02:53:55.861762
316,1,28,normal,f,1,t,2025-07-06 02:53:55.861762
317,1,29,normal,f,1,t,2025-07-06 02:53:55.861762
318,1,30,normal,f,1,t,2025-07-06 02:53:55.861762
319,1,31,normal,f,1,t,2025-07-06 02:53:55.861762
320,1,32,normal,f,1,t,2025-07-06 02:53:55.861762
321,1,33,ilhamento,t,,f,2025-07-06 02:53:55.861762
322,1,34,normal,f,1,t,2025-07-06 02:53:55.861762
323,1,35,normal,f,1,t,2025-07-06 02:53:55.861762
324,1,36,crítica,f,1,t,2025-07-06 02:53:55.861762
325,1,37,crítica,f,1,t,2025-07-06 02:53:55.861762
326,1,38,normal,f,1,t,2025-07-06 02:53:55.861762
327,1,39,crítica,f,1,t,2025-07-06 02:53:55.861762
328,1,40,normal,f,1,t,2025-07-06 02:53:55.861762
329,0,0,normal,f,1,t,2025-07-06 02:54:57.878383
330,0,1,normal,f,1,t,2025-07-06 02:54:57.878383
331,0,2,normal,f,1,t,2025-07-06 02:54:57.878383
332,0,3,normal,f,1,t,2025-07-06 02:54:57.878383
333,0,4,normal,f,1,t,2025-07-06 02:54:57.878383
334,0,5,normal,f,1,t,2025-07-06 02:54:57.878383
335,0,6,normal,f,1,t,2025-07-06 02:54:57.878383
336,0,7,normal,f,1,t,2025-07-06 02:54:57.878383
337,0,8,normal,f,1,t,2025-07-06 02:54:57.878383
338,0,9,crítica,f,1,t,2025-07-06 02:54:57.878383
339,0,10,normal,f,1,t,2025-07-06 02:54:57.878383
340,0,11,normal,f,1,t,2025-07-06 02:54:57.878383
341,0,12,ilhamento,t,,f,2025-07-06 02:54:57.878383
342,0,13,normal,f,1,t,2025-07-06 02:54:57.878383
343,0,14,normal,f,1,t,2025-07-06 02:54:57.878383
344,0,15,ilhamento,t,,f,2025-07-06 02:54:57.878383
345,0,16,normal,f,1,t,2025-07-06 02:54:57.878383
346,0,17,normal,f,1,t,2025-07-06 02:54:57.878383
347,0,18,normal,f,1,t,2025-07-06 02:54:57.878383
348,0,19,normal,f,1,t,2025-07-06 02:54:57.878383
349,0,20,normal,f,1,t,2025-07-06 02:54:57.878383
350,0,21,normal,f,1,t,2025-07-06 02:54:57.878383
351,0,22,normal,f,1,t,2025-07-06 02:54:57.878383
352,0,23,normal,f,1,t,2025-07-06 02:54:57.878383
353,0,24,crítica,f,1,t,2025-07-06 02:54:57.878383
354,0,25,crítica,f,1,t,2025-07-06 02:54:57.878383
355,0,26,normal,f,1,t,2025-07-06 02:54:57.878383
356,0,27,normal,f,1,t,2025-07-06 02:54:57.878383
357,0,28,normal,f,1,t,2025-07-06 02:54:57.878383
358,0,29,normal,f,1,t,2025-07-06 02:54:57.878383
359,0,30,normal,f,1,t,2025-07-06 02:54:57.878383
360,0,31,normal,f,1,t,2025-07-06 02:54:57.878383
361,0,32,normal,f,1,t,2025-07-06 02:54:57.878383
362,0,33,ilhamento,t,,f,2025-07-06 02:54:57.878383
363,0,34,normal,f,1,t,2025-07-06 02:54:57.878383
364,0,35,crítica,f,1,t,2025-07-06 02:54:57.878383
365,0,36,crítica,f,1,t,2025-07-06 02:54:57.878383
366,0,37,crítica,f,1,t,2025-07-06 02:54:57.878383
367,0,38,normal,f,1,t,2025-07-06 02:54:57.878383
368,0,39,crítica,f,1,t,2025-07-06 02:54:57.878383
369,0,40,normal,f,1,t,2025-07-06 02:54:57.878383
370,1,0,normal,f,1,t,2025-07-06 02:54:57.878383
371,1,1,normal,f,1,t,2025-07-06 02:54:57.878383
372,1,2,normal,f,1,t,2025-07-06 02:54:57.878383
373,1,3,normal,f,1,t,2025-07-06 02:54:57.878383
374,1,4,normal,f,1,t,2025-07-06 02:54:57.878383
375,1,5,normal,f,1,t,2025-07-06 02:54:57.878383
376,1,6,normal,f,1,t,2025-07-06 02:54:57.878383
377,1,7,normal,f,1,t,2025-07-06 02:54:57.878383
378,1,8,normal,f,1,t,2025-07-06 02:54:57.878383
379,1,9,crítica,f,1,t,2025-07-06 02:54:57.878383
380,1,10,normal,f,1,t,2025-07-06 02:54:57.878383
381,1,11,normal,f,1,t,2025-07-06 02:54:57.878383
382,1,12,ilhamento,t,,f,2025-07-06 02:54:57.878383
383,1,13,normal,f,1,t,2025-07-06 02:54:57.878383
384,1,14,normal,f,1,t,2025-07-06 02:54:57.878383
385,1,15,ilhamento,t,,f,2025-07-06 02:54:57.878383
386,1,16,normal,f,1,t,2025-07-06 02:54:57.878383
387,1,17,normal,f,1,t,2025-07-06 02:54:57.878383
388,1,18,normal,f,1,t,2025-07-06 02:54:57.878383
389,1,19,normal,f,1,t,2025-07-06 02:54:57.878383
390,1,20,normal,f,1,t,2025-07-06 02:54:57.878383
391,1,21,normal,f,1,t,2025-07-06 02:54:57.878383
392,1,22,normal,f,1,t,2025-07-06 02:54:57.878383
393,1,23,crítica,f,1,t,2025-07-06 02:54:57.878383
394,1,24,crítica,f,1,t,2025-07-06 02:54:57.878383
395,1,25,crítica,f,1,t,2025-07-06 02:54:57.878383
396,1,26,normal,f,1,t,2025-07-06 02:54:57.878383
397,1,27,normal,f,1,t,2025-07-06 02:54:57.878383
398,1,28,normal,f,1,t,2025-07-06 02:54:57.878383
399,1,29,normal,f,1,t,2025-07-06 02:54:57.878383
400,1,30,normal,f,1,t,2025-07-06 02:54:57.878383
401,1,31,normal,f,1,t,2025-07-06 02:54:57.878383
402,1,32,normal,f,1,t,2025-07-06 02:54:57.878383
403,1,33,ilhamento,t,,f,2025-07-06 02:54:57.878383
404,1,34,normal,f,1,t,2025-07-06 02:54:57.878383
405,1,35,normal,f,1,t,2025-07-06 02:54:57.878383
406,1,36,crítica,f,1,t,2025-07-06 02:54:57.878383
407,1,37,crítica,f,1,t,2025-07-06 02:54:57.878383
408,1,38,normal,f,1,t,2025-07-06 02:54:57.878383
409,1,39,crítica,f,1,t,2025-07-06 02:54:57.878383
410,1,40,normal,f,1,t,2025-07-06 02:54:57.878383
411,0,0,normal,f,1,t,2025-07-06 02:55:58.507099
412,0,1,normal,f,1,t,2025-07-06 02:55:58.507099
413,0,2,normal,f,1,t,2025-07-06 02:55:58.507099
414,0,3,normal,f,1,t,2025-07-06 02:55:58.507099
415,0,4,normal,f,1,t,2025-07-06 02:55:58.507099
416,0,5,normal,f,1,t,2025-07-06 02:55:58.507099
417,0,6,normal,f,1,t,2025-07-06 02:55:58.507099
418,0,7,normal,f,1,t,2025-07-06 02:55:58.507099
419,0,8,crítica,f,1,t,2025-07-06 02:55:58.507099
420,0,9,crítica,f,1,t,2025-07-06 02:55:58.507099
421,0,10,normal,f,1,t,2025-07-06 02:55:58.507099
422,0,11,normal,f,1,t,2025-07-06 02:55:58.507099
423,0,12,ilhamento,t,,f,2025-07-06 02:55:58.507099
424,0,13,normal,f,1,t,2025-07-06 02:55:58.507099
425,0,14,normal,f,1,t,2025-07-06 02:55:58.507099
426,0,15,ilhamento,t,,f,2025-07-06 02:55:58.507099
427,0,16,normal,f,1,t,2025-07-06 02:55:58.507099
428,0,17,normal,f,1,t,2025-07-06 02:55:58.507099
429,0,18,normal,f,1,t,2025-07-06 02:55:58.507099
430,0,19,normal,f,1,t,2025-07-06 02:55:58.507099
431,0,20,normal,f,1,t,2025-07-06 02:55:58.507099
432,0,21,normal,f,1,t,2025-07-06 02:55:58.507099
433,0,22,normal,f,1,t,2025-07-06 02:55:58.507099
434,0,23,normal,f,1,t,2025-07-06 02:55:58.507099
435,0,24,crítica,f,1,t,2025-07-06 02:55:58.507099
436,0,25,crítica,f,1,t,2025-07-06 02:55:58.507099
437,0,26,normal,f,1,t,2025-07-06 02:55:58.507099
438,0,27,normal,f,1,t,2025-07-06 02:55:58.507099
439,0,28,normal,f,1,t,2025-07-06 02:55:58.507099
440,0,29,normal,f,1,t,2025-07-06 02:55:58.507099
441,0,30,normal,f,1,t,2025-07-06 02:55:58.507099
442,0,31,normal,f,1,t,2025-07-06 02:55:58.507099
443,0,32,normal,f,1,t,2025-07-06 02:55:58.507099
444,0,33,ilhamento,t,,f,2025-07-06 02:55:58.507099
445,0,34,normal,f,1,t,2025-07-06 02:55:58.507099
446,0,35,normal,f,1,t,2025-07-06 02:55:58.507099
447,0,36,crítica,f,1,t,2025-07-06 02:55:58.507099
448,0,37,crítica,f,1,t,2025-07-06 02:55:58.507099
449,0,38,normal,f,1,t,2025-07-06 02:55:58.507099
450,0,39,crítica,f,1,t,2025-07-06 02:55:58.507099
451,0,40,normal,f,1,t,2025-07-06 02:55:58.507099
452,1,0,normal,f,1,t,2025-07-06 02:55:58.507099
453,1,1,normal,f,1,t,2025-07-06 02:55:58.507099
454,1,2,normal,f,1,t,2025-07-06 02:55:58.507099
455,1,3,normal,f,1,t,2025-07-06 02:55:58.507099
456,1,4,normal,f,1,t,2025-07-06 02:55:58.507099
457,1,5,normal,f,1,t,2025-07-06 02:55:58.507099
458,1,6,normal,f,1,t,2025-07-06 02:55:58.507099
459,1,7,normal,f,1,t,2025-07-06 02:55:58.507099
460,1,8,normal,f,1,t,2025-07-06 02:55:58.507099
461,1,9,crítica,f,1,t,2025-07-06 02:55:58.507099
462,1,10,normal,f,1,t,2025-07-06 02:55:58.507099
463,1,11,normal,f,1,t,2025-07-06 02:55:58.507099
464,1,12,ilhamento,t,,f,2025-07-06 02:55:58.507099
465,1,13,normal,f,1,t,2025-07-06 02:55:58.507099
466,1,14,normal,f,1,t,2025-07-06 02:55:58.507099
467,1,15,ilhamento,t,,f,2025-07-06 02:55:58.507099
468,1,16,normal,f,1,t,2025-07-06 02:55:58.507099
469,1,17,normal,f,1,t,2025-07-06 02:55:58.507099
470,1,18,normal,f,1,t,2025-07-06 02:55:58.507099
471,1,19,normal,f,1,t,2025-07-06 02:55:58.507099
472,1,20,normal,f,1,t,2025-07-06 02:55:58.507099
473,1,21,normal,f,1,t,2025-07-06 02:55:58.507099
474,1,22,normal,f,1,t,2025-07-06 02:55:58.507099
475,1,23,crítica,f,1,t,2025-07-06 02:55:58.507099
476,1,24,crítica,f,1,t,2025-07-06 02:55:58.507099
477,1,25,crítica,f,1,t,2025-07-06 02:55:58.507099
478,1,26,normal,f,1,t,2025-07-06 02:55:58.507099
479,1,27,normal,f,1,t,2025-07-06 02:55:58.507099
480,1,28,normal,f,1,t,2025-07-06 02:55:58.507099
481,1,29,normal,f,1,t,2025-07-06 02:55:58.507099
482,1,30,normal,f,1,t,2025-07-06 02:55:58.507099
483,1,31,normal,f,1,t,2025-07-06 02:55:58.507099
484,1,32,normal,f,1,t,2025-07-06 02:55:58.507099
485,1,33,ilhamento,t,,f,2025-07-06 02:55:58.507099
486,1,34,normal,f,1,t,2025-07-06 02:55:58.507099
487,1,35,normal,f,1,t,2025-07-06 02:55:58.507099
488,1,36,crítica,f,1,t,2025-07-06 02:55:58.507099
489,1,37,crítica,f,1,t,2025-07-06 02:55:58.507099
490,1,38,normal,f,1,t,2025-07-06 02:55:58.507099
491,1,39,crítica,f,1,t,2025-07-06 02:55:58.507099
492,1,40,normal,f,1,t,2025-07-06 02:55:58.507099
493,0,0,normal,f,1,t,2025-07-06 02:56:59.065434
494,0,1,normal,f,1,t,2025-07-06 02:56:59.065434
495,0,2,normal,f,1,t,2025-07-06 02:56:59.065434
496,0,3,normal,f,1,t,2025-07-06 02:56:59.065434
497,0,4,normal,f,1,t,2025-07-06 02:56:59.065434
498,0,5,normal,f,1,t,2025-07-06 02:56:59.065434
499,0,6,normal,f,1,t,2025-07-06 02:56:59.065434
500,0,7,normal,f,1,t,2025-07-06 02:56:59.065434
501,0,8,normal,f,1,t,2025-07-06 02:56:59.065434
502,0,9,crítica,f,1,t,2025-07-06 02:56:59.065434
503,0,10,normal,f,1,t,2025-07-06 02:56:59.065434
504,0,11,normal,f,1,t,2025-07-06 02:56:59.065434
505,0,12,ilhamento,t,,f,2025-07-06 02:56:59.065434
506,0,13,normal,f,1,t,2025-07-06 02:56:59.065434
507,0,14,normal,f,1,t,2025-07-06 02:56:59.065434
508,0,15,ilhamento,t,,f,2025-07-06 02:56:59.065434
509,0,16,normal,f,1,t,2025-07-06 02:56:59.065434
510,0,17,normal,f,1,t,2025-07-06 02:56:59.065434
511,0,18,normal,f,1,t,2025-07-06 02:56:59.065434
512,0,19,normal,f,1,t,2025-07-06 02:56:59.065434
513,0,20,normal,f,1,t,2025-07-06 02:56:59.065434
514,0,21,normal,f,1,t,2025-07-06 02:56:59.065434
515,0,22,normal,f,1,t,2025-07-06 02:56:59.065434
516,0,23,crítica,f,1,t,2025-07-06 02:56:59.065434
517,0,24,crítica,f,1,t,2025-07-06 02:56:59.065434
518,0,25,crítica,f,1,t,2025-07-06 02:56:59.065434
519,0,26,normal,f,1,t,2025-07-06 02:56:59.065434
520,0,27,normal,f,1,t,2025-07-06 02:56:59.065434
521,0,28,normal,f,1,t,2025-07-06 02:56:59.065434
522,0,29,normal,f,1,t,2025-07-06 02:56:59.065434
523,0,30,normal,f,1,t,2025-07-06 02:56:59.065434
524,0,31,normal,f,1,t,2025-07-06 02:56:59.065434
525,0,32,normal,f,1,t,2025-07-06 02:56:59.065434
526,0,33,ilhamento,t,,f,2025-07-06 02:56:59.065434
527,0,34,normal,f,1,t,2025-07-06 02:56:59.065434
528,0,35,normal,f,1,t,2025-07-06 02:56:59.065434
529,0,36,crítica,f,1,t,2025-07-06 02:56:59.065434
530,0,37,crítica,f,1,t,2025-07-06 02:56:59.065434
531,0,38,normal,f,1,t,2025-07-06 02:56:59.065434
532,0,39,crítica,f,1,t,2025-07-06 02:56:59.065434
533,0,40,normal,f,1,t,2025-07-06 02:56:59.065434
534,1,0,normal,f,1,t,2025-07-06 02:56:59.065434
535,1,1,normal,f,1,t,2025-07-06 02:56:59.065434
536,1,2,normal,f,1,t,2025-07-06 02:56:59.065434
537,1,3,normal,f,1,t,2025-07-06 02:56:59.065434
538,1,4,normal,f,1,t,2025-07-06 02:56:59.065434
539,1,5,normal,f,1,t,2025-07-06 02:56:59.065434
540,1,6,normal,f,1,t,2025-07-06 02:56:59.065434
541,1,7,normal,f,1,t,2025-07-06 02:56:59.065434
542,1,8,crítica,f,1,t,2025-07-06 02:56:59.065434
543,1,9,crítica,f,1,t,2025-07-06 02:56:59.065434
544,1,10,normal,f,1,t,2025-07-06 02:56:59.065434
545,1,11,normal,f,1,t,2025-07-06 02:56:59.065434
546,1,12,ilhamento,t,,f,2025-07-06 02:56:59.065434
547,1,13,normal,f,1,t,2025-07-06 02:56:59.065434
548,1,14,normal,f,1,t,2025-07-06 02:56:59.065434
549,1,15,ilhamento,t,,f,2025-07-06 02:56:59.065434
550,1,16,normal,f,1,t,2025-07-06 02:56:59.065434
551,1,17,normal,f,1,t,2025-07-06 02:56:59.065434
552,1,18,normal,f,1,t,2025-07-06 02:56:59.065434
553,1,19,normal,f,1,t,2025-07-06 02:56:59.065434
554,1,20,normal,f,1,t,2025-07-06 02:56:59.065434
555,1,21,normal,f,1,t,2025-07-06 02:56:59.065434
556,1,22,normal,f,1,t,2025-07-06 02:56:59.065434
557,1,23,crítica,f,1,t,2025-07-06 02:56:59.065434
558,1,24,crítica,f,1,t,2025-07-06 02:56:59.065434
559,1,25,crítica,f,1,t,2025-07-06 02:56:59.065434
560,1,26,normal,f,1,t,2025-07-06 02:56:59.065434
561,1,27,normal,f,1,t,2025-07-06 02:56:59.065434
562,1,28,normal,f,1,t,2025-07-06 02:56:59.065434
563,1,29,normal,f,1,t,2025-07-06 02:56:59.065434
564,1,30,normal,f,1,t,2025-07-06 02:56:59.065434
565,1,31,normal,f,1,t,2025-07-06 02:56:59.065434
566,1,32,normal,f,1,t,2025-07-06 02:56:59.065434
567,1,33,ilhamento,t,,f,2025-07-06 02:56:59.065434
568,1,34,normal,f,1,t,2025-07-06 02:56:59.065434
569,1,35,normal,f,1,t,2025-07-06 02:56:59.065434
570,1,36,crítica,f,1,t,2025-07-06 02:56:59.065434
571,1,37,crítica,f,1,t,2025-07-06 02:56:59.065434
572,1,38,normal,f,1,t,2025-07-06 02:56:59.065434
573,1,39,crítica,f,1,t,2025-07-06 02:56:59.065434
574,1,40,normal,f,1,t,2025-07-06 02:56:59.065434
575,0,0,normal,f,1,t,2025-07-06 02:57:51.747827
576,0,1,normal,f,1,t,2025-07-06 02:57:51.747827
577,0,2,normal,f,1,t,2025-07-06 02:57:51.747827
578,0,3,normal,f,1,t,2025-07-06 02:57:51.747827
579,0,4,normal,f,1,t,2025-07-06 02:57:51.747827
580,0,5,normal,f,1,t,2025-07-06 02:57:51.747827
581,0,6,normal,f,1,t,2025-07-06 02:57:51.747827
582,0,7,normal,f,1,t,2025-07-06 02:57:51.747827
583,0,8,normal,f,1,t,2025-07-06 02:57:51.747827
584,0,9,crítica,f,1,t,2025-07-06 02:57:51.747827
585,0,10,normal,f,1,t,2025-07-06 02:57:51.747827
586,0,11,normal,f,1,t,2025-07-06 02:57:51.747827
587,0,12,ilhamento,t,,f,2025-07-06 02:57:51.747827
588,0,13,normal,f,1,t,2025-07-06 02:57:51.747827
589,0,14,normal,f,1,t,2025-07-06 02:57:51.747827
590,0,15,ilhamento,t,,f,2025-07-06 02:57:51.747827
591,0,16,normal,f,1,t,2025-07-06 02:57:51.747827
592,0,17,normal,f,1,t,2025-07-06 02:57:51.747827
593,0,18,normal,f,1,t,2025-07-06 02:57:51.747827
594,0,19,normal,f,1,t,2025-07-06 02:57:51.747827
595,0,20,normal,f,1,t,2025-07-06 02:57:51.747827
596,0,21,normal,f,1,t,2025-07-06 02:57:51.747827
597,0,22,normal,f,1,t,2025-07-06 02:57:51.747827
598,0,23,crítica,f,1,t,2025-07-06 02:57:51.747827
599,0,24,crítica,f,1,t,2025-07-06 02:57:51.747827
600,0,25,crítica,f,1,t,2025-07-06 02:57:51.747827
601,0,26,normal,f,1,t,2025-07-06 02:57:51.747827
602,0,27,normal,f,1,t,2025-07-06 02:57:51.747827
603,0,28,normal,f,1,t,2025-07-06 02:57:51.747827
604,0,29,normal,f,1,t,2025-07-06 02:57:51.747827
605,0,30,normal,f,1,t,2025-07-06 02:57:51.747827
606,0,31,normal,f,1,t,2025-07-06 02:57:51.747827
607,0,32,normal,f,1,t,2025-07-06 02:57:51.747827
608,0,33,ilhamento,t,,f,2025-07-06 02:57:51.747827
609,0,34,normal,f,1,t,2025-07-06 02:57:51.747827
610,0,35,normal,f,1,t,2025-07-06 02:57:51.747827
611,0,36,crítica,f,1,t,2025-07-06 02:57:51.747827
612,0,37,crítica,f,1,t,2025-07-06 02:57:51.747827
613,0,38,normal,f,1,t,2025-07-06 02:57:51.747827
614,0,39,crítica,f,1,t,2025-07-06 02:57:51.747827
615,0,40,normal,f,1,t,2025-07-06 02:57:51.747827
616,1,0,normal,f,1,t,2025-07-06 02:57:51.747827
617,1,1,normal,f,1,t,2025-07-06 02:57:51.747827
618,1,2,normal,f,1,t,2025-07-06 02:57:51.747827
619,1,3,normal,f,1,t,2025-07-06 02:57:51.747827
620,1,4,normal,f,1,t,2025-07-06 02:57:51.747827
621,1,5,normal,f,1,t,2025-07-06 02:57:51.747827
622,1,6,normal,f,1,t,2025-07-06 02:57:51.747827
623,1,7,normal,f,1,t,2025-07-06 02:57:51.747827
624,1,8,normal,f,1,t,2025-07-06 02:57:51.747827
625,1,9,crítica,f,1,t,2025-07-06 02:57:51.747827
626,1,10,normal,f,1,t,2025-07-06 02:57:51.747827
627,1,11,normal,f,1,t,2025-07-06 02:57:51.747827
628,1,12,ilhamento,t,,f,2025-07-06 02:57:51.747827
629,1,13,normal,f,1,t,2025-07-06 02:57:51.747827
630,1,14,normal,f,1,t,2025-07-06 02:57:51.747827
631,1,15,ilhamento,t,,f,2025-07-06 02:57:51.747827
632,1,16,normal,f,1,t,2025-07-06 02:57:51.747827
633,1,17,normal,f,1,t,2025-07-06 02:57:51.747827
634,1,18,normal,f,1,t,2025-07-06 02:57:51.747827
635,1,19,normal,f,1,t,2025-07-06 02:57:51.747827
636,1,20,normal,f,1,t,2025-07-06 02:57:51.747827
637,1,21,normal,f,1,t,2025-07-06 02:57:51.747827
638,1,22,normal,f,1,t,2025-07-06 02:57:51.747827
639,1,23,crítica,f,1,t,2025-07-06 02:57:51.747827
640,1,24,crítica,f,1,t,2025-07-06 02:57:51.747827
641,1,25,crítica,f,1,t,2025-07-06 02:57:51.747827
642,1,26,normal,f,1,t,2025-07-06 02:57:51.747827
643,1,27,normal,f,1,t,2025-07-06 02:57:51.747827
644,1,28,normal,f,1,t,2025-07-06 02:57:51.747827
645,1,29,normal,f,1,t,2025-07-06 02:57:51.747827
646,1,30,normal,f,1,t,2025-07-06 02:57:51.747827
647,1,31,normal,f,1,t,2025-07-06 02:57:51.747827
648,1,32,normal,f,1,t,2025-07-06 02:57:51.747827
649,1,33,ilhamento,t,,f,2025-07-06 02:57:51.747827
650,1,34,normal,f,1,t,2025-07-06 02:57:51.747827
651,1,35,crítica,f,1,t,2025-07-06 02:57:51.747827
652,1,36,crítica,f,1,t,2025-07-06 02:57:51.747827
653,1,37,crítica,f,1,t,2025-07-06 02:57:51.747827
654,1,38,normal,f,1,t,2025-07-06 02:57:51.747827
655,1,39,crítica,f,1,t,2025-07-06 02:57:51.747827
656,1,40,normal,f,1,t,2025-07-06 02:57:51.747827
657,0,0,normal,f,1,t,2025-07-06 02:59:05.095804
658,0,1,normal,f,1,t,2025-07-06 02:59:05.095804
659,0,2,normal,f,1,t,2025-07-06 02:59:05.095804
660,0,3,normal,f,1,t,2025-07-06 02:59:05.095804
661,0,4,normal,f,1,t,2025-07-06 02:59:05.095804
662,0,5,normal,f,1,t,2025-07-06 02:59:05.095804
663,0,6,normal,f,1,t,2025-07-06 02:59:05.095804
664,0,7,normal,f,1,t,2025-07-06 02:59:05.095804
665,0,8,normal,f,1,t,2025-07-06 02:59:05.095804
666,0,9,crítica,f,1,t,2025-07-06 02:59:05.095804
667,0,10,normal,f,1,t,2025-07-06 02:59:05.095804
668,0,11,normal,f,1,t,2025-07-06 02:59:05.095804
669,0,12,ilhamento,t,,f,2025-07-06 02:59:05.095804
670,0,13,normal,f,1,t,2025-07-06 02:59:05.095804
671,0,14,normal,f,1,t,2025-07-06 02:59:05.095804
672,0,15,ilhamento,t,,f,2025-07-06 02:59:05.095804
673,0,16,normal,f,1,t,2025-07-06 02:59:05.095804
674,0,17,normal,f,1,t,2025-07-06 02:59:05.095804
675,0,18,normal,f,1,t,2025-07-06 02:59:05.095804
676,0,19,normal,f,1,t,2025-07-06 02:59:05.095804
677,0,20,normal,f,1,t,2025-07-06 02:59:05.095804
678,0,21,normal,f,1,t,2025-07-06 02:59:05.095804
679,0,22,normal,f,1,t,2025-07-06 02:59:05.095804
680,0,23,crítica,f,1,t,2025-07-06 02:59:05.095804
681,0,24,crítica,f,1,t,2025-07-06 02:59:05.095804
682,0,25,crítica,f,1,t,2025-07-06 02:59:05.095804
683,0,26,normal,f,1,t,2025-07-06 02:59:05.095804
684,0,27,normal,f,1,t,2025-07-06 02:59:05.095804
685,0,28,normal,f,1,t,2025-07-06 02:59:05.095804
686,0,29,normal,f,1,t,2025-07-06 02:59:05.095804
687,0,30,normal,f,1,t,2025-07-06 02:59:05.095804
688,0,31,normal,f,1,t,2025-07-06 02:59:05.095804
689,0,32,normal,f,1,t,2025-07-06 02:59:05.095804
690,0,33,ilhamento,t,,f,2025-07-06 02:59:05.095804
691,0,34,normal,f,1,t,2025-07-06 02:59:05.095804
692,0,35,normal,f,1,t,2025-07-06 02:59:05.095804
693,0,36,crítica,f,1,t,2025-07-06 02:59:05.095804
694,0,37,crítica,f,1,t,2025-07-06 02:59:05.095804
695,0,38,normal,f,1,t,2025-07-06 02:59:05.095804
696,0,39,crítica,f,1,t,2025-07-06 02:59:05.095804
697,0,40,normal,f,1,t,2025-07-06 02:59:05.095804
698,1,0,normal,f,1,t,2025-07-06 02:59:05.095804
699,1,1,normal,f,1,t,2025-07-06 02:59:05.095804
700,1,2,normal,f,1,t,2025-07-06 02:59:05.095804
701,1,3,normal,f,1,t,2025-07-06 02:59:05.095804
702,1,4,normal,f,1,t,2025-07-06 02:59:05.095804
703,1,5,normal,f,1,t,2025-07-06 02:59:05.095804
704,1,6,normal,f,1,t,2025-07-06 02:59:05.095804
705,1,7,normal,f,1,t,2025-07-06 02:59:05.095804
706,1,8,crítica,f,1,t,2025-07-06 02:59:05.095804
707,1,9,crítica,f,1,t,2025-07-06 02:59:05.095804
708,1,10,normal,f,1,t,2025-07-06 02:59:05.095804
709,1,11,normal,f,1,t,2025-07-06 02:59:05.095804
710,1,12,ilhamento,t,,f,2025-07-06 02:59:05.095804
711,1,13,normal,f,1,t,2025-07-06 02:59:05.095804
712,1,14,normal,f,1,t,2025-07-06 02:59:05.095804
713,1,15,ilhamento,t,,f,2025-07-06 02:59:05.095804
714,1,16,normal,f,1,t,2025-07-06 02:59:05.095804
715,1,17,normal,f,1,t,2025-07-06 02:59:05.095804
716,1,18,normal,f,1,t,2025-07-06 02:59:05.095804
717,1,19,normal,f,1,t,2025-07-06 02:59:05.095804
718,1,20,normal,f,1,t,2025-07-06 02:59:05.095804
719,1,21,normal,f,1,t,2025-07-06 02:59:05.095804
720,1,22,normal,f,1,t,2025-07-06 02:59:05.095804
721,1,23,crítica,f,1,t,2025-07-06 02:59:05.095804
722,1,24,crítica,f,1,t,2025-07-06 02:59:05.095804
723,1,25,crítica,f,1,t,2025-07-06 02:59:05.095804
724,1,26,normal,f,1,t,2025-07-06 02:59:05.095804
725,1,27,normal,f,1,t,2025-07-06 02:59:05.095804
726,1,28,normal,f,1,t,2025-07-06 02:59:05.095804
727,1,29,normal,f,1,t,2025-07-06 02:59:05.095804
728,1,30,normal,f,1,t,2025-07-06 02:59:05.095804
729,1,31,normal,f,1,t,2025-07-06 02:59:05.095804
730,1,32,normal,f,1,t,2025-07-06 02:59:05.095804
731,1,33,ilhamento,t,,f,2025-07-06 02:59:05.095804
732,1,34,normal,f,1,t,2025-07-06 02:59:05.095804
733,1,35,crítica,f,1,t,2025-07-06 02:59:05.095804
734,1,36,crítica,f,1,t,2025-07-06 02:59:05.095804
735,1,37,crítica,f,1,t,2025-07-06 02:59:05.095804
736,1,38,normal,f,1,t,2025-07-06 02:59:05.095804
737,1,39,crítica,f,1,t,2025-07-06 02:59:05.095804
738,1,40,normal,f,1,t,2025-07-06 02:59:05.095804
739,0,0,normal,f,1,t,2025-07-06 03:03:53.843735
740,0,1,normal,f,1,t,2025-07-06 03:03:53.843735
741,0,2,normal,f,1,t,2025-07-06 03:03:53.843735
742,0,3,normal,f,1,t,2025-07-06 03:03:53.843735
743,0,4,normal,f,1,t,2025-07-06 03:03:53.843735
744,0,5,normal,f,1,t,2025-07-06 03:03:53.843735
745,0,6,normal,f,1,t,2025-07-06 03:03:53.843735
746,0,7,normal,f,1,t,2025-07-06 03:03:53.843735
747,0,8,normal,f,1,t,2025-07-06 03:03:53.843735
748,0,9,crítica,f,1,t,2025-07-06 03:03:53.843735
749,0,10,normal,f,1,t,2025-07-06 03:03:53.843735
750,0,11,normal,f,1,t,2025-07-06 03:03:53.843735
751,0,12,ilhamento,t,,f,2025-07-06 03:03:53.843735
752,0,13,normal,f,1,t,2025-07-06 03:03:53.843735
753,0,14,normal,f,1,t,2025-07-06 03:03:53.843735
754,0,15,ilhamento,t,,f,2025-07-06 03:03:53.843735
755,0,16,normal,f,1,t,2025-07-06 03:03:53.843735
756,0,17,normal,f,1,t,2025-07-06 03:03:53.843735
757,0,18,normal,f,1,t,2025-07-06 03:03:53.843735
758,0,19,normal,f,1,t,2025-07-06 03:03:53.843735
759,0,20,normal,f,1,t,2025-07-06 03:03:53.843735
760,0,21,normal,f,1,t,2025-07-06 03:03:53.843735
761,0,22,normal,f,1,t,2025-07-06 03:03:53.843735
762,0,23,crítica,f,1,t,2025-07-06 03:03:53.843735
763,0,24,crítica,f,1,t,2025-07-06 03:03:53.843735
764,0,25,crítica,f,1,t,2025-07-06 03:03:53.843735
765,0,26,normal,f,1,t,2025-07-06 03:03:53.843735
766,0,27,normal,f,1,t,2025-07-06 03:03:53.843735
767,0,28,normal,f,1,t,2025-07-06 03:03:53.843735
768,0,29,normal,f,1,t,2025-07-06 03:03:53.843735
769,0,30,normal,f,1,t,2025-07-06 03:03:53.843735
770,0,31,normal,f,1,t,2025-07-06 03:03:53.843735
771,0,32,normal,f,1,t,2025-07-06 03:03:53.843735
772,0,33,ilhamento,t,,f,2025-07-06 03:03:53.843735
773,0,34,normal,f,1,t,2025-07-06 03:03:53.843735
774,0,35,crítica,f,1,t,2025-07-06 03:03:53.843735
775,0,36,crítica,f,1,t,2025-07-06 03:03:53.843735
776,0,37,crítica,f,1,t,2025-07-06 03:03:53.843735
777,0,38,normal,f,1,t,2025-07-06 03:03:53.843735
778,0,39,crítica,f,1,t,2025-07-06 03:03:53.843735
779,0,40,normal,f,1,t,2025-07-06 03:03:53.843735
780,1,0,normal,f,1,t,2025-07-06 03:03:53.843735
781,1,1,normal,f,1,t,2025-07-06 03:03:53.843735
782,1,2,normal,f,1,t,2025-07-06 03:03:53.843735
783,1,3,normal,f,1,t,2025-07-06 03:03:53.843735
784,1,4,normal,f,1,t,2025-07-06 03:03:53.843735
785,1,5,normal,f,1,t,2025-07-06 03:03:53.843735
786,1,6,normal,f,1,t,2025-07-06 03:03:53.843735
787,1,7,normal,f,1,t,2025-07-06 03:03:53.843735
788,1,8,normal,f,1,t,2025-07-06 03:03:53.843735
789,1,9,crítica,f,1,t,2025-07-06 03:03:53.843735
790,1,10,normal,f,1,t,2025-07-06 03:03:53.843735
791,1,11,normal,f,1,t,2025-07-06 03:03:53.843735
792,1,12,ilhamento,t,,f,2025-07-06 03:03:53.843735
793,1,13,normal,f,1,t,2025-07-06 03:03:53.843735
794,1,14,normal,f,1,t,2025-07-06 03:03:53.843735
795,1,15,ilhamento,t,,f,2025-07-06 03:03:53.843735
796,1,16,normal,f,1,t,2025-07-06 03:03:53.843735
797,1,17,normal,f,1,t,2025-07-06 03:03:53.843735
798,1,18,normal,f,1,t,2025-07-06 03:03:53.843735
799,1,19,normal,f,1,t,2025-07-06 03:03:53.843735
800,1,20,normal,f,1,t,2025-07-06 03:03:53.843735
801,1,21,normal,f,1,t,2025-07-06 03:03:53.843735
802,1,22,normal,f,1,t,2025-07-06 03:03:53.843735
803,1,23,normal,f,1,t,2025-07-06 03:03:53.843735
804,1,24,crítica,f,1,t,2025-07-06 03:03:53.843735
805,1,25,crítica,f,1,t,2025-07-06 03:03:53.843735
806,1,26,normal,f,1,t,2025-07-06 03:03:53.843735
807,1,27,normal,f,1,t,2025-07-06 03:03:53.843735
808,1,28,normal,f,1,t,2025-07-06 03:03:53.843735
809,1,29,normal,f,1,t,2025-07-06 03:03:53.843735
810,1,30,normal,f,1,t,2025-07-06 03:03:53.843735
811,1,31,normal,f,1,t,2025-07-06 03:03:53.843735
812,1,32,normal,f,1,t,2025-07-06 03:03:53.843735
813,1,33,ilhamento,t,,f,2025-07-06 03:03:53.843735
814,1,34,normal,f,1,t,2025-07-06 03:03:53.843735
815,1,35,crítica,f,1,t,2025-07-06 03:03:53.843735
816,1,36,crítica,f,1,t,2025-07-06 03:03:53.843735
817,1,37,crítica,f,1,t,2025-07-06 03:03:53.843735
818,1,38,normal,f,1,t,2025-07-06 03:03:53.843735
819,1,39,crítica,f,1,t,2025-07-06 03:03:53.843735
820,1,40,normal,f,1,t,2025-07-06 03:03:53.843735
821,0,0,normal,f,1,t,2025-07-06 03:04:59.564522
822,0,1,normal,f,1,t,2025-07-06 03:04:59.564522
823,0,2,normal,f,1,t,2025-07-06 03:04:59.564522
824,0,3,normal,f,1,t,2025-07-06 03:04:59.564522
825,0,4,normal,f,1,t,2025-07-06 03:04:59.564522
826,0,5,normal,f,1,t,2025-07-06 03:04:59.564522
827,0,6,normal,f,1,t,2025-07-06 03:04:59.564522
828,0,7,normal,f,1,t,2025-07-06 03:04:59.564522
829,0,8,normal,f,1,t,2025-07-06 03:04:59.564522
830,0,9,crítica,f,1,t,2025-07-06 03:04:59.564522
831,0,10,normal,f,1,t,2025-07-06 03:04:59.564522
832,0,11,normal,f,1,t,2025-07-06 03:04:59.564522
833,0,12,ilhamento,t,,f,2025-07-06 03:04:59.564522
834,0,13,normal,f,1,t,2025-07-06 03:04:59.564522
835,0,14,normal,f,1,t,2025-07-06 03:04:59.564522
836,0,15,ilhamento,t,,f,2025-07-06 03:04:59.564522
837,0,16,normal,f,1,t,2025-07-06 03:04:59.564522
838,0,17,normal,f,1,t,2025-07-06 03:04:59.564522
839,0,18,normal,f,1,t,2025-07-06 03:04:59.564522
840,0,19,normal,f,1,t,2025-07-06 03:04:59.564522
841,0,20,normal,f,1,t,2025-07-06 03:04:59.564522
842,0,21,normal,f,1,t,2025-07-06 03:04:59.564522
843,0,22,normal,f,1,t,2025-07-06 03:04:59.564522
844,0,23,crítica,f,1,t,2025-07-06 03:04:59.564522
845,0,24,crítica,f,1,t,2025-07-06 03:04:59.564522
846,0,25,crítica,f,1,t,2025-07-06 03:04:59.564522
847,0,26,normal,f,1,t,2025-07-06 03:04:59.564522
848,0,27,normal,f,1,t,2025-07-06 03:04:59.564522
849,0,28,normal,f,1,t,2025-07-06 03:04:59.564522
850,0,29,normal,f,1,t,2025-07-06 03:04:59.564522
851,0,30,normal,f,1,t,2025-07-06 03:04:59.564522
852,0,31,normal,f,1,t,2025-07-06 03:04:59.564522
853,0,32,normal,f,1,t,2025-07-06 03:04:59.564522
854,0,33,ilhamento,t,,f,2025-07-06 03:04:59.564522
855,0,34,normal,f,1,t,2025-07-06 03:04:59.564522
856,0,35,crítica,f,1,t,2025-07-06 03:04:59.564522
857,0,36,crítica,f,1,t,2025-07-06 03:04:59.564522
858,0,37,crítica,f,1,t,2025-07-06 03:04:59.564522
859,0,38,normal,f,1,t,2025-07-06 03:04:59.564522
860,0,39,crítica,f,1,t,2025-07-06 03:04:59.564522
861,0,40,normal,f,1,t,2025-07-06 03:04:59.564522
862,1,0,normal,f,1,t,2025-07-06 03:04:59.564522
863,1,1,normal,f,1,t,2025-07-06 03:04:59.564522
864,1,2,normal,f,1,t,2025-07-06 03:04:59.564522
865,1,3,normal,f,1,t,2025-07-06 03:04:59.564522
866,1,4,normal,f,1,t,2025-07-06 03:04:59.564522
867,1,5,normal,f,1,t,2025-07-06 03:04:59.564522
868,1,6,normal,f,1,t,2025-07-06 03:04:59.564522
869,1,7,normal,f,1,t,2025-07-06 03:04:59.564522
870,1,8,crítica,f,1,t,2025-07-06 03:04:59.564522
871,1,9,crítica,f,1,t,2025-07-06 03:04:59.564522
872,1,10,normal,f,1,t,2025-07-06 03:04:59.564522
873,1,11,normal,f,1,t,2025-07-06 03:04:59.564522
874,1,12,ilhamento,t,,f,2025-07-06 03:04:59.564522
875,1,13,normal,f,1,t,2025-07-06 03:04:59.564522
876,1,14,normal,f,1,t,2025-07-06 03:04:59.564522
877,1,15,ilhamento,t,,f,2025-07-06 03:04:59.564522
878,1,16,normal,f,1,t,2025-07-06 03:04:59.564522
879,1,17,normal,f,1,t,2025-07-06 03:04:59.564522
880,1,18,normal,f,1,t,2025-07-06 03:04:59.564522
881,1,19,normal,f,1,t,2025-07-06 03:04:59.564522
882,1,20,normal,f,1,t,2025-07-06 03:04:59.564522
883,1,21,normal,f,1,t,2025-07-06 03:04:59.564522
884,1,22,normal,f,1,t,2025-07-06 03:04:59.564522
885,1,23,crítica,f,1,t,2025-07-06 03:04:59.564522
886,1,24,crítica,f,1,t,2025-07-06 03:04:59.564522
887,1,25,crítica,f,1,t,2025-07-06 03:04:59.564522
888,1,26,normal,f,1,t,2025-07-06 03:04:59.564522
889,1,27,normal,f,1,t,2025-07-06 03:04:59.564522
890,1,28,normal,f,1,t,2025-07-06 03:04:59.564522
891,1,29,normal,f,1,t,2025-07-06 03:04:59.564522
892,1,30,normal,f,1,t,2025-07-06 03:04:59.564522
893,1,31,normal,f,1,t,2025-07-06 03:04:59.564522
894,1,32,normal,f,1,t,2025-07-06 03:04:59.564522
895,1,33,ilhamento,t,,f,2025-07-06 03:04:59.564522
896,1,34,normal,f,1,t,2025-07-06 03:04:59.564522
897,1,35,normal,f,1,t,2025-07-06 03:04:59.564522
898,1,36,crítica,f,1,t,2025-07-06 03:04:59.564522
899,1,37,crítica,f,1,t,2025-07-06 03:04:59.564522
900,1,38,normal,f,1,t,2025-07-06 03:04:59.564522
901,1,39,crítica,f,1,t,2025-07-06 03:04:59.564522
902,1,40,normal,f,1,t,2025-07-06 03:04:59.564522
903,0,0,normal,f,1,t,2025-07-06 03:07:08.70902
904,0,1,normal,f,1,t,2025-07-06 03:07:08.70902
905,0,2,normal,f,1,t,2025-07-06 03:07:08.70902
906,0,3,normal,f,1,t,2025-07-06 03:07:08.70902
907,0,4,normal,f,1,t,2025-07-06 03:07:08.70902
908,0,5,normal,f,1,t,2025-07-06 03:07:08.70902
909,0,6,normal,f,1,t,2025-07-06 03:07:08.70902
910,0,7,normal,f,1,t,2025-07-06 03:07:08.70902
911,0,8,normal,f,1,t,2025-07-06 03:07:08.70902
912,0,9,crítica,f,1,t,2025-07-06 03:07:08.70902
913,0,10,normal,f,1,t,2025-07-06 03:07:08.70902
914,0,11,normal,f,1,t,2025-07-06 03:07:08.70902
915,0,12,ilhamento,t,,f,2025-07-06 03:07:08.70902
916,0,13,normal,f,1,t,2025-07-06 03:07:08.70902
917,0,14,normal,f,1,t,2025-07-06 03:07:08.70902
918,0,15,ilhamento,t,,f,2025-07-06 03:07:08.70902
919,0,16,normal,f,1,t,2025-07-06 03:07:08.70902
920,0,17,normal,f,1,t,2025-07-06 03:07:08.70902
921,0,18,normal,f,1,t,2025-07-06 03:07:08.70902
922,0,19,normal,f,1,t,2025-07-06 03:07:08.70902
923,0,20,normal,f,1,t,2025-07-06 03:07:08.70902
924,0,21,normal,f,1,t,2025-07-06 03:07:08.70902
925,0,22,normal,f,1,t,2025-07-06 03:07:08.70902
926,0,23,normal,f,1,t,2025-07-06 03:07:08.70902
927,0,24,crítica,f,1,t,2025-07-06 03:07:08.70902
928,0,25,crítica,f,1,t,2025-07-06 03:07:08.70902
929,0,26,normal,f,1,t,2025-07-06 03:07:08.70902
930,0,27,normal,f,1,t,2025-07-06 03:07:08.70902
931,0,28,normal,f,1,t,2025-07-06 03:07:08.70902
932,0,29,normal,f,1,t,2025-07-06 03:07:08.70902
933,0,30,normal,f,1,t,2025-07-06 03:07:08.70902
934,0,31,normal,f,1,t,2025-07-06 03:07:08.70902
935,0,32,normal,f,1,t,2025-07-06 03:07:08.70902
936,0,33,ilhamento,t,,f,2025-07-06 03:07:08.70902
937,0,34,normal,f,1,t,2025-07-06 03:07:08.70902
938,0,35,normal,f,1,t,2025-07-06 03:07:08.70902
939,0,36,crítica,f,1,t,2025-07-06 03:07:08.70902
940,0,37,crítica,f,1,t,2025-07-06 03:07:08.70902
941,0,38,normal,f,1,t,2025-07-06 03:07:08.70902
942,0,39,crítica,f,1,t,2025-07-06 03:07:08.70902
943,0,40,normal,f,1,t,2025-07-06 03:07:08.70902
944,1,0,normal,f,1,t,2025-07-06 03:07:08.70902
945,1,1,normal,f,1,t,2025-07-06 03:07:08.70902
946,1,2,normal,f,1,t,2025-07-06 03:07:08.70902
947,1,3,normal,f,1,t,2025-07-06 03:07:08.70902
948,1,4,normal,f,1,t,2025-07-06 03:07:08.70902
949,1,5,normal,f,1,t,2025-07-06 03:07:08.70902
950,1,6,normal,f,1,t,2025-07-06 03:07:08.70902
951,1,7,normal,f,1,t,2025-07-06 03:07:08.70902
952,1,8,normal,f,1,t,2025-07-06 03:07:08.70902
953,1,9,crítica,f,1,t,2025-07-06 03:07:08.70902
954,1,10,normal,f,1,t,2025-07-06 03:07:08.70902
955,1,11,normal,f,1,t,2025-07-06 03:07:08.70902
956,1,12,ilhamento,t,,f,2025-07-06 03:07:08.70902
957,1,13,normal,f,1,t,2025-07-06 03:07:08.70902
958,1,14,normal,f,1,t,2025-07-06 03:07:08.70902
959,1,15,ilhamento,t,,f,2025-07-06 03:07:08.70902
960,1,16,normal,f,1,t,2025-07-06 03:07:08.70902
961,1,17,normal,f,1,t,2025-07-06 03:07:08.70902
962,1,18,normal,f,1,t,2025-07-06 03:07:08.70902
963,1,19,normal,f,1,t,2025-07-06 03:07:08.70902
964,1,20,normal,f,1,t,2025-07-06 03:07:08.70902
965,1,21,normal,f,1,t,2025-07-06 03:07:08.70902
966,1,22,normal,f,1,t,2025-07-06 03:07:08.70902
967,1,23,normal,f,1,t,2025-07-06 03:07:08.70902
968,1,24,crítica,f,1,t,2025-07-06 03:07:08.70902
969,1,25,crítica,f,1,t,2025-07-06 03:07:08.70902
970,1,26,normal,f,1,t,2025-07-06 03:07:08.70902
971,1,27,normal,f,1,t,2025-07-06 03:07:08.70902
972,1,28,normal,f,1,t,2025-07-06 03:07:08.70902
973,1,29,normal,f,1,t,2025-07-06 03:07:08.70902
974,1,30,normal,f,1,t,2025-07-06 03:07:08.70902
975,1,31,normal,f,1,t,2025-07-06 03:07:08.70902
976,1,32,normal,f,1,t,2025-07-06 03:07:08.70902
977,1,33,ilhamento,t,,f,2025-07-06 03:07:08.70902
978,1,34,normal,f,1,t,2025-07-06 03:07:08.70902
979,1,35,crítica,f,1,t,2025-07-06 03:07:08.70902
980,1,36,crítica,f,1,t,2025-07-06 03:07:08.70902
981,1,37,crítica,f,1,t,2025-07-06 03:07:08.70902
982,1,38,normal,f,1,t,2025-07-06 03:07:08.70902
983,1,39,crítica,f,1,t,2025-07-06 03:07:08.70902
984,1,40,normal,f,1,t,2025-07-06 03:07:08.70902
985,0,0,normal,f,1,t,2025-07-06 03:08:05.854184
986,0,1,normal,f,1,t,2025-07-06 03:08:05.854184
987,0,2,normal,f,1,t,2025-07-06 03:08:05.854184
988,0,3,normal,f,1,t,2025-07-06 03:08:05.854184
989,0,4,normal,f,1,t,2025-07-06 03:08:05.854184
990,0,5,normal,f,1,t,2025-07-06 03:08:05.854184
991,0,6,normal,f,1,t,2025-07-06 03:08:05.854184
992,0,7,normal,f,1,t,2025-07-06 03:08:05.854184
993,0,8,normal,f,1,t,2025-07-06 03:08:05.854184
994,0,9,crítica,f,1,t,2025-07-06 03:08:05.854184
995,0,10,normal,f,1,t,2025-07-06 03:08:05.854184
996,0,11,normal,f,1,t,2025-07-06 03:08:05.854184
997,0,12,ilhamento,t,,f,2025-07-06 03:08:05.854184
998,0,13,normal,f,1,t,2025-07-06 03:08:05.854184
999,0,14,normal,f,1,t,2025-07-06 03:08:05.854184
1000,0,15,ilhamento,t,,f,2025-07-06 03:08:05.854184
1001,0,16,normal,f,1,t,2025-07-06 03:08:05.854184
1002,0,17,normal,f,1,t,2025-07-06 03:08:05.854184
1003,0,18,normal,f,1,t,2025-07-06 03:08:05.854184
1004,0,19,normal,f,1,t,2025-07-06 03:08:05.854184
1005,0,20,normal,f,1,t,2025-07-06 03:08:05.854184
1006,0,21,normal,f,1,t,2025-07-06 03:08:05.854184
1007,0,22,normal,f,1,t,2025-07-06 03:08:05.854184
1008,0,23,normal,f,1,t,2025-07-06 03:08:05.854184
1009,0,24,crítica,f,1,t,2025-07-06 03:08:05.854184
1010,0,25,crítica,f,1,t,2025-07-06 03:08:05.854184
1011,0,26,normal,f,1,t,2025-07-06 03:08:05.854184
1012,0,27,normal,f,1,t,2025-07-06 03:08:05.854184
1013,0,28,normal,f,1,t,2025-07-06 03:08:05.854184
1014,0,29,normal,f,1,t,2025-07-06 03:08:05.854184
1015,0,30,normal,f,1,t,2025-07-06 03:08:05.854184
1016,0,31,normal,f,1,t,2025-07-06 03:08:05.854184
1017,0,32,normal,f,1,t,2025-07-06 03:08:05.854184
1018,0,33,ilhamento,t,,f,2025-07-06 03:08:05.854184
1019,0,34,normal,f,1,t,2025-07-06 03:08:05.854184
1020,0,35,normal,f,1,t,2025-07-06 03:08:05.854184
1021,0,36,crítica,f,1,t,2025-07-06 03:08:05.854184
1022,0,37,crítica,f,1,t,2025-07-06 03:08:05.854184
1023,0,38,normal,f,1,t,2025-07-06 03:08:05.854184
1024,0,39,crítica,f,1,t,2025-07-06 03:08:05.854184
1025,0,40,normal,f,1,t,2025-07-06 03:08:05.854184
1026,1,0,normal,f,1,t,2025-07-06 03:08:05.854184
1027,1,1,normal,f,1,t,2025-07-06 03:08:05.854184
1028,1,2,normal,f,1,t,2025-07-06 03:08:05.854184
1029,1,3,normal,f,1,t,2025-07-06 03:08:05.854184
1030,1,4,normal,f,1,t,2025-07-06 03:08:05.854184
1031,1,5,normal,f,1,t,2025-07-06 03:08:05.854184
1032,1,6,normal,f,1,t,2025-07-06 03:08:05.854184
1033,1,7,normal,f,1,t,2025-07-06 03:08:05.854184
1034,1,8,crítica,f,1,t,2025-07-06 03:08:05.854184
1035,1,9,crítica,f,1,t,2025-07-06 03:08:05.854184
1036,1,10,normal,f,1,t,2025-07-06 03:08:05.854184
1037,1,11,normal,f,1,t,2025-07-06 03:08:05.854184
1038,1,12,ilhamento,t,,f,2025-07-06 03:08:05.854184
1039,1,13,normal,f,1,t,2025-07-06 03:08:05.854184
1040,1,14,normal,f,1,t,2025-07-06 03:08:05.854184
1041,1,15,ilhamento,t,,f,2025-07-06 03:08:05.854184
1042,1,16,normal,f,1,t,2025-07-06 03:08:05.854184
1043,1,17,normal,f,1,t,2025-07-06 03:08:05.854184
1044,1,18,normal,f,1,t,2025-07-06 03:08:05.854184
1045,1,19,normal,f,1,t,2025-07-06 03:08:05.854184
1046,1,20,normal,f,1,t,2025-07-06 03:08:05.854184
1047,1,21,normal,f,1,t,2025-07-06 03:08:05.854184
1048,1,22,normal,f,1,t,2025-07-06 03:08:05.854184
1049,1,23,crítica,f,1,t,2025-07-06 03:08:05.854184
1050,1,24,crítica,f,1,t,2025-07-06 03:08:05.854184
1051,1,25,crítica,f,1,t,2025-07-06 03:08:05.854184
1052,1,26,normal,f,1,t,2025-07-06 03:08:05.854184
1053,1,27,normal,f,1,t,2025-07-06 03:08:05.854184
1054,1,28,normal,f,1,t,2025-07-06 03:08:05.854184
1055,1,29,normal,f,1,t,2025-07-06 03:08:05.854184
1056,1,30,normal,f,1,t,2025-07-06 03:08:05.854184
1057,1,31,normal,f,1,t,2025-07-06 03:08:05.854184
1058,1,32,normal,f,1,t,2025-07-06 03:08:05.854184
1059,1,33,ilhamento,t,,f,2025-07-06 03:08:05.854184
1060,1,34,normal,f,1,t,2025-07-06 03:08:05.854184
1061,1,35,normal,f,1,t,2025-07-06 03:08:05.854184
1062,1,36,crítica,f,1,t,2025-07-06 03:08:05.854184
1063,1,37,crítica,f,1,t,2025-07-06 03:08:05.854184
1064,1,38,normal,f,1,t,2025-07-06 03:08:05.854184
1065,1,39,crítica,f,1,t,2025-07-06 03:08:05.854184
1066,1,40,normal,f,1,t,2025-07-06 03:08:05.854184
1067,0,0,normal,f,1,t,2025-07-06 03:09:17.792146
1068,0,1,normal,f,1,t,2025-07-06 03:09:17.792146
1069,0,2,normal,f,1,t,2025-07-06 03:09:17.792146
1070,0,3,normal,f,1,t,2025-07-06 03:09:17.792146
1071,0,4,normal,f,1,t,2025-07-06 03:09:17.792146
1072,0,5,normal,f,1,t,2025-07-06 03:09:17.792146
1073,0,6,normal,f,1,t,2025-07-06 03:09:17.792146
1074,0,7,normal,f,1,t,2025-07-06 03:09:17.792146
1075,0,8,normal,f,1,t,2025-07-06 03:09:17.792146
1076,0,9,crítica,f,1,t,2025-07-06 03:09:17.792146
1077,0,10,normal,f,1,t,2025-07-06 03:09:17.792146
1078,0,11,normal,f,1,t,2025-07-06 03:09:17.792146
1079,0,12,ilhamento,t,,f,2025-07-06 03:09:17.792146
1080,0,13,normal,f,1,t,2025-07-06 03:09:17.792146
1081,0,14,normal,f,1,t,2025-07-06 03:09:17.792146
1082,0,15,ilhamento,t,,f,2025-07-06 03:09:17.792146
1083,0,16,normal,f,1,t,2025-07-06 03:09:17.792146
1084,0,17,normal,f,1,t,2025-07-06 03:09:17.792146
1085,0,18,normal,f,1,t,2025-07-06 03:09:17.792146
1086,0,19,normal,f,1,t,2025-07-06 03:09:17.792146
1087,0,20,normal,f,1,t,2025-07-06 03:09:17.792146
1088,0,21,normal,f,1,t,2025-07-06 03:09:17.792146
1089,0,22,normal,f,1,t,2025-07-06 03:09:17.792146
1090,0,23,crítica,f,1,t,2025-07-06 03:09:17.792146
1091,0,24,crítica,f,1,t,2025-07-06 03:09:17.792146
1092,0,25,crítica,f,1,t,2025-07-06 03:09:17.792146
1093,0,26,normal,f,1,t,2025-07-06 03:09:17.792146
1094,0,27,normal,f,1,t,2025-07-06 03:09:17.792146
1095,0,28,normal,f,1,t,2025-07-06 03:09:17.792146
1096,0,29,normal,f,1,t,2025-07-06 03:09:17.792146
1097,0,30,normal,f,1,t,2025-07-06 03:09:17.792146
1098,0,31,normal,f,1,t,2025-07-06 03:09:17.792146
1099,0,32,normal,f,1,t,2025-07-06 03:09:17.792146
1100,0,33,ilhamento,t,,f,2025-07-06 03:09:17.792146
1101,0,34,normal,f,1,t,2025-07-06 03:09:17.792146
1102,0,35,normal,f,1,t,2025-07-06 03:09:17.792146
1103,0,36,crítica,f,1,t,2025-07-06 03:09:17.792146
1104,0,37,crítica,f,1,t,2025-07-06 03:09:17.792146
1105,0,38,normal,f,1,t,2025-07-06 03:09:17.792146
1106,0,39,crítica,f,1,t,2025-07-06 03:09:17.792146
1107,0,40,normal,f,1,t,2025-07-06 03:09:17.792146
1108,1,0,normal,f,1,t,2025-07-06 03:09:17.792146
1109,1,1,normal,f,1,t,2025-07-06 03:09:17.792146
1110,1,2,normal,f,1,t,2025-07-06 03:09:17.792146
1111,1,3,normal,f,1,t,2025-07-06 03:09:17.792146
1112,1,4,normal,f,1,t,2025-07-06 03:09:17.792146
1113,1,5,normal,f,1,t,2025-07-06 03:09:17.792146
1114,1,6,normal,f,1,t,2025-07-06 03:09:17.792146
1115,1,7,normal,f,1,t,2025-07-06 03:09:17.792146
1116,1,8,crítica,f,1,t,2025-07-06 03:09:17.792146
1117,1,9,crítica,f,1,t,2025-07-06 03:09:17.792146
1118,1,10,normal,f,1,t,2025-07-06 03:09:17.792146
1119,1,11,normal,f,1,t,2025-07-06 03:09:17.792146
1120,1,12,ilhamento,t,,f,2025-07-06 03:09:17.792146
1121,1,13,normal,f,1,t,2025-07-06 03:09:17.792146
1122,1,14,normal,f,1,t,2025-07-06 03:09:17.792146
1123,1,15,ilhamento,t,,f,2025-07-06 03:09:17.792146
1124,1,16,normal,f,1,t,2025-07-06 03:09:17.792146
1125,1,17,normal,f,1,t,2025-07-06 03:09:17.792146
1126,1,18,normal,f,1,t,2025-07-06 03:09:17.792146
1127,1,19,normal,f,1,t,2025-07-06 03:09:17.792146
1128,1,20,normal,f,1,t,2025-07-06 03:09:17.792146
1129,1,21,normal,f,1,t,2025-07-06 03:09:17.792146
1130,1,22,normal,f,1,t,2025-07-06 03:09:17.792146
1131,1,23,crítica,f,1,t,2025-07-06 03:09:17.792146
1132,1,24,crítica,f,1,t,2025-07-06 03:09:17.792146
1133,1,25,crítica,f,1,t,2025-07-06 03:09:17.792146
1134,1,26,normal,f,1,t,2025-07-06 03:09:17.792146
1135,1,27,crítica,f,1,t,2025-07-06 03:09:17.792146
1136,1,28,normal,f,1,t,2025-07-06 03:09:17.792146
1137,1,29,normal,f,1,t,2025-07-06 03:09:17.792146
1138,1,30,normal,f,1,t,2025-07-06 03:09:17.792146
1139,1,31,normal,f,1,t,2025-07-06 03:09:17.792146
1140,1,32,normal,f,1,t,2025-07-06 03:09:17.792146
1141,1,33,ilhamento,t,,f,2025-07-06 03:09:17.792146
1142,1,34,normal,f,1,t,2025-07-06 03:09:17.792146
1143,1,35,crítica,f,1,t,2025-07-06 03:09:17.792146
1144,1,36,crítica,f,1,t,2025-07-06 03:09:17.792146
1145,1,37,crítica,f,1,t,2025-07-06 03:09:17.792146
1146,1,38,normal,f,1,t,2025-07-06 03:09:17.792146
1147,1,39,crítica,f,1,t,2025-07-06 03:09:17.792146
1148,1,40,normal,f,1,t,2025-07-06 03:09:17.792146
